text,text_cleaned,length,true_label,true_name,lr_pred,bilstm_pred,phobert_pred,phobert_conf,prob_clean,prob_off,prob_hate
coin card :3,coin card 3,3,1,OFFENSIVE,0,0,0,0.9963,0.9963,0.0018,0.0019
"Lý khùng thì có,kk",lý khùng thì có kk,5,0,CLEAN,1,1,1,0.9858,0.0096,0.9858,0.0046
"Đề nghị 17, 22,23,32 đến phà vài hơi vào mẹt tk này để nó đi cách ly thế giới hẳn đi.",đề_nghị 17 22 23 32 đến phà vài hơi vào mẹt tk này để nó đi cách_ly thế_giới hẳn đi,20,2,HATE,0,1,0,0.7091,0.7091,0.012,0.2789
Trần Linh dell hiểu kiểu gì :)),trần linh_dell hiểu kiểu gì,5,1,OFFENSIVE,0,0,0,0.7685,0.7685,0.2051,0.0265
Nguyễn Thị Thủy chó con chứ dúi đâu ra,nguyễn_thị_thủy chó con chứ dúi đâu ra,7,0,CLEAN,2,2,1,0.8647,0.1123,0.8647,0.023
Đập què giò đi a ba,đập què giò đi anh ba,6,0,CLEAN,2,2,2,0.5262,0.4297,0.0442,0.5262
"Chi bà nhiều tiền thì đi làm từ thiện,còn ơ đó nói tục tiểu, giơ bẩn. Làm nhục người vn trên thế giới. Làm bai hoại nền văn hóa vn. Xin yêu các cấp có thẩm quyền vào cuộc sử lý.",chi bà nhiều tiền thì đi làm từ_thiện còn ơ đó nói_tục tiểu_giơ bẩn làm_nhục người vn trên thế_giới làm bai_hoại nền văn_hóa vn xin yêu các cấp có thẩm_quyền vào_cuộc sử_lý,32,0,CLEAN,2,2,2,0.9899,0.0063,0.0038,0.9899
Một  phút  bóc  đồng  bằng  cả  đời  bóc  cức  😂,một phút bóc đồng_bằng cả đời bóc cức,8,1,OFFENSIVE,2,0,0,0.9114,0.9114,0.0823,0.0063
Bà này nói đúng mà     bà đó  đi làm o sin gửi tiền đô về Việt Nam hưởng chứ tiền Việt Nam lam gì có giá trị  tuy bà nói chuyện thô lỗ tí nhưng mà bà nói đúng mà...,bà này nói đúng mà bà đó đi làm o_sin gửi tiền_đô về việt_nam hưởng chứ tiền việt_nam lam_gì có giá_trị tuy bà nói_chuyện thô_lỗ tí nhưng_mà bà nói đúng mà,31,0,CLEAN,2,2,2,0.9731,0.022,0.0049,0.9731
Trước sau j cũng đi theo phúc xạo lol,trước_sau gì cũng đi theo phúc_xạo lol,7,2,HATE,1,1,1,0.9583,0.0027,0.9583,0.039
Nghĩ mà chán :)),nghĩ mà chán,3,0,CLEAN,1,1,1,0.5279,0.4668,0.5279,0.0053
Đem ra bắn ngay cái thể loại ấy,đem ra bắn ngay cái thể_loại ấy,7,2,HATE,1,1,1,0.992,0.0044,0.992,0.0036
hóng bro tét đít thằng tùng,hóng bro tét đít thằng tùng,6,0,CLEAN,2,2,2,0.494,0.4774,0.0285,0.494
Vay về cho cán bộ xây biệt thự con em đi du học,vay về cho cán_bộ xây biệt_thự con_em đi du_học,9,0,CLEAN,1,1,1,0.9858,0.0065,0.9858,0.0077
Con bóng??,con bóng,2,0,CLEAN,1,1,2,0.9869,0.0069,0.0062,0.9869
Bàn tay em đẹp quá. Nhìn chị là đàn bà mà xấu quá..,bàn_tay em đẹp quá nhìn chị là đàn_bà mà xấu quá,11,2,HATE,0,0,0,0.9744,0.9744,0.0038,0.0219
Lại thêm một con khoác lác,lại thêm một con khoác lác,6,0,CLEAN,2,2,2,0.9905,0.005,0.0045,0.9905
Like 10 năm chất Liek bằng đầu bùi,like 10 năm chất liek bằng đầu bùi,8,1,OFFENSIVE,0,0,0,0.9962,0.9962,0.0017,0.0022
Không có csgt nào tốt cả .,không có csgt nào tốt cả,6,2,HATE,0,0,0,0.9625,0.9625,0.0123,0.0252
Lũlên mạng lừa đão,lũlên mạng lừa đão,4,2,HATE,0,0,1,0.9271,0.0674,0.9271,0.0054
"trung quốc sản sinh ra 1 thế hệ bác sỹ thật sự có tâm đức, dù truyền thông phương tây có bôi nhọ tnao thì cũng k thể phủ nhận",trung_quốc_sản sinh ra 1 thế_hệ bác_sỹ thật_sự có tâm_đức dù truyền_thông phương_tây có bôi nhọ_tnao thì cũng không_thể phủ_nhận,19,0,CLEAN,2,2,2,0.8248,0.1644,0.0108,0.8248
Đậu rồi má hay đậu má rồi các bạn nhỏ ??? :))),đậu rồi má hay đậu má rồi các bạn nhỏ,10,1,OFFENSIVE,0,0,0,0.9962,0.9962,0.0017,0.002
K có nghìn nào giúp dân thì nín đi!,không có nghìn nào giúp dân thì nín đi,9,2,HATE,0,1,0,0.937,0.937,0.0492,0.0138
Ko xin nó thì đái ra mà hết hạn hán nhé,không xin nó thì đái ra mà hết hạn_hán nhé,10,2,HATE,1,1,1,0.9861,0.0084,0.9861,0.0055
Nguc em hoi nho,nguc em_hoi nho,3,1,OFFENSIVE,0,0,0,0.9967,0.9967,0.0015,0.0018
200.000 hộp thuốc giết người.,200 0 hộp thuốc giết người,6,1,OFFENSIVE,0,0,0,0.987,0.987,0.0076,0.0054
"Báo bọn phản động đấy bà con, những người kia bị kích động muốn chung ta cũng kíchđộng giống họ đây mà. Đập phá nhà máy của họ cuối cùng mất tiền là nước mình thôi vì nc mình vi phạm hợp đồng mà. Còn biểu tình gọi nhà nc phải có trách nhiệm tìm hiểu nguyên nhân thì đc.",báo bọn phản_động đấy bà_con những người kia bị kích_động muốn chung ta cũng kíchđộng giống họ đây mà đập phá nhà_máy của họ cuối_cùng mất tiền là nước mình thôi vì nc mình vi_phạm hợp_đồng mà_còn biểu_tình gọi nhà nc phải có trách_nhiệm tìm_hiểu nguyên_nhân thì được,48,0,CLEAN,2,2,2,0.9366,0.0557,0.0077,0.9366
Cái mỏ i chang cá lóc lun,cái mỏ i_chang cá_lóc lun,5,0,CLEAN,2,1,1,0.9906,0.0033,0.9906,0.0061
Thèm bún real vl :)),thèm bún_real vãi,3,0,CLEAN,1,1,1,0.5836,0.4106,0.5836,0.0058
Thật ra là quên kéo khóa quần ngoài lộ quần trong nên để lộ hẳn thành phong cách mới cho nó đỡ quê,thật_ra là quên kéo khóa quần ngoài lộ quần trong nên để lộ hẳn thành phong_cách mới cho nó đỡ quê,21,1,OFFENSIVE,0,0,0,0.9937,0.9937,0.0035,0.0029
90tr dân Việt Nam đang vả nhung nè,90 tr dân việt_nam đang_vả nhung nè,7,2,HATE,0,0,0,0.6819,0.6819,0.0161,0.302
Người dân biểu tình phản đối thằng ăn cướp bị bọn mày bắt bớ đánh đập thì tụi mày là cái gì,người_dân biểu_tình phản_đối thằng ăn cướp bị bọn mày bắt_bớ đánh_đập thì tụi mày là cái gì,17,0,CLEAN,2,2,2,0.9815,0.0145,0.004,0.9815
share bài này là lũ ban cắn chết nên thôi :))),share bài này là lũ ban cắn chết nên thôi,10,0,CLEAN,2,2,2,0.9248,0.053,0.0222,0.9248
"Hết phù sa là vựa lúa sụp đổ, hết cả xuất khẩu gạo; chết đói cả lũ. 3 năm trước kêu mua vàng trên 300Tr phải xuất trình CMND, giờ biết cả việc dân đang ""giấu"" 500T vàng.",hết phù_sa là vựa_lúa sụp_đổ hết cả xuất_khẩu gạo chết_đói cả lũ 3 năm trước kêu mua vàng trên 300 tr phải xuất_trình cmnd giờ biết cả việc dân đang giấu 500 t vàng,34,0,CLEAN,2,2,2,0.6979,0.0162,0.2859,0.6979
"Lí do lí trấu, chắc tin😏:)))",lí_do lí_trấu chắc tin,4,1,OFFENSIVE,0,0,0,0.996,0.996,0.0023,0.0017
Và thằng ko có 500 triệu đang viết stt bôi xấu thằng có 500 triệu,và thằng không có 500 triệu đang viết stt bôi xấu thằng có 500 triệu,15,0,CLEAN,1,2,2,0.7306,0.2553,0.0141,0.7306
Lắm tiền mà chả có nổi ý thức của loài người :)),lắm tiền mà chả có nổi ý_thức của loài_người,9,1,OFFENSIVE,2,2,2,0.4943,0.0214,0.4843,0.4943
K đáng bao nhiêu mà nhục cho sinh viên Việt Nam bị nó khinh!,không đáng bao_nhiêu mà nhục cho sinh_viên việt_nam bị nó khinh,11,0,CLEAN,2,1,2,0.7988,0.1598,0.0414,0.7988
Đr chỗ thì gọi Li quăng chỗ thì gọi là cái giường có chỗ thì gọi dạc mà chuyện đó bình thường mà,đr chỗ thì gọi li_quăng chỗ thì gọi_là cái giường có chỗ thì gọi dạc mà chuyện đó bình_thường mà,20,0,CLEAN,1,2,1,0.9826,0.0125,0.9826,0.0049
Bắn chet moe abe h,bắn chet moe abe giờ,5,2,HATE,0,0,0,0.9733,0.9733,0.0217,0.005
"Có ai tự nhiên lên phường , rồi đi tự tử trên ấy không ? Giờ thằng nào con nào , muốn tự tự thì cứ việc lên phường cho nó gọn . Đỡ bị mất tài sản , với lại người nhà cũng dễ tìm nhá . chứ đừng có ra cầu rồi nhảy nghe hôn .",có ai tự_nhiên lên phường rồi đi tự_tử trên ấy không giờ thằng nào con nào muốn tự tự thì cứ_việc lên phường cho nó gọn_đỡ bị mất tài_sản với_lại người_nhà cũng dễ tìm nhá chứ đừng có ra cầu rồi nhảy nghe hôn,44,1,OFFENSIVE,0,2,0,0.9912,0.9912,0.0051,0.0037
"Đậu Văn Cường nhìn như thằng nghiện, ghê bỏ mẹ ra",đậu văn_cường nhìn như thằng nghiện ghê bỏ mẹ ra,10,0,CLEAN,1,1,2,0.9828,0.0117,0.0054,0.9828
Kg Phan dong may' chui vao trong nay lam gi ?,không phan_dong_may chui vao trong nay lam_gi,7,1,OFFENSIVE,0,0,2,0.5482,0.1288,0.323,0.5482
cô Ba có râu ha ha,cô ba có râu ha ha,6,2,HATE,0,0,0,0.9956,0.9956,0.0018,0.0026
Túm lại: Muốn giết người mà vẫn vô tội hoặc án gãi ghẻ thì phấn đấu làm cán bộ đi.,túm lại muốn giết người mà vẫn vô_tội hoặc án gãi_ghẻ thì phấn_đấu làm cán_bộ đi,16,2,HATE,1,1,1,0.9545,0.0154,0.9545,0.03
Để được ngồi đợi sự trợ giúp từ Phan Anh thì cũng nhờ có sự trợ giúp của bn cbcs đang vật lộn với nước lũ đưa ng dân vào đât liền đó bạn. Stt của chị này là lên án những người chỉ nhìn thấy sự hào nhoáng mà báo chí tung hô PA k thấy được sự khổ cực của CBCS. Chứ k phải lên án PA nha bạn,để được ngồi đợi sự trợ_giúp từ phan_anh thì cũng nhờ có sự trợ_giúp của bao_nhiêu cbcs đang vật_lộn với nước lũ đưa ng dân vào đât liền đó bạn stt của chị này là lên_án những người chỉ nhìn thấy sự hào_nhoáng mà báo_chí tung hô_pa không thấy được sự khổ_cực của cbcs chứ không phải lên_án pa nha bạn,61,0,CLEAN,2,2,2,0.9668,0.0291,0.0041,0.9668
Phát Thịnh thầy tui như thằng xì ke.,phát thịnh thầy tui như thằng xì ke,8,2,HATE,0,0,0,0.9625,0.9625,0.0041,0.0334
"Nam Đặng đời nó là thế ,lồn mẹ dell thấy có cái lồn gì là vui cả",nam đặng_đời nó là thế lồn mẹ dell thấy có cái lồn gì là vui cả,16,1,OFFENSIVE,2,2,2,0.9881,0.0051,0.0068,0.9881
Mình nói người ta bê đê mình xem lai mình đi . Mày la cũng loai bê đê co cây đinh chính giữ la may kkkk,mình nói người ta bê đê mình xem lai mình đi mày_la cũng loai_bê đê co cây đinh chính_giữ la_may không,21,2,HATE,0,0,0,0.9598,0.9598,0.0266,0.0136
Đã nói bao lần rồi các anh các chị có tiền đi du lịch vẫn đ** hiểu à😒,đã nói bao lần rồi các anh các chị có tiền đi du_lịch vẫn đ hiểu à,17,2,HATE,0,1,0,0.9867,0.9867,0.0099,0.0034
Abe chơi dơ,abe chơi dơ,3,0,CLEAN,2,1,2,0.9687,0.0249,0.0064,0.9687
"Mikhai chốp còn biết nhảu khỏi tàu đắm,chứ bọn này đéo nhẩy đâu,ảo thuật gia và phim ở hollywood phải gọi bằng ""Cụ""🤣",mikhai chốp còn biết nhảu khỏi tàu đắm chứ bọn này đéo nhẩy đâu ảo_thuật_gia và phim ở hollywood phải gọi bằng cụ,23,1,OFFENSIVE,2,2,2,0.9768,0.0179,0.0053,0.9768
"doanh nghiệp nó sai thì nó bị phạt, còn thằng này thích tống tiền doanh nghiệp thì nó cũng đéo đúng đâu mà gào mồm ăn vạ :)) tưởng ăn đc tiền của ngkhác dễ à",doanh_nghiệp nó sai thì nó bị phạt còn thằng này thích tống_tiền doanh_nghiệp thì nó cũng đéo đúng đâu mà gào mồm ăn_vạ tưởng ăn được tiền của ngkhác dễ à,31,1,OFFENSIVE,2,2,2,0.9803,0.0119,0.0078,0.9803
Trần dần là cộngg sản nằm vùng bên cali😂,trần dần là cộngg_sản nằm vùng bên cali,8,2,HATE,0,0,0,0.7715,0.7715,0.0163,0.2122
Ơ tưởng thầy chơi gay 😢,ơ_tưởng thầy chơi gay,4,0,CLEAN,2,2,2,0.9895,0.0063,0.0042,0.9895
Văn Trường 😒 dịch: không làm mà đòi có ăn thì chỉ có ăn cứt 😌,văn_trường dịch không làm mà đòi có ăn thì chỉ có ăn cứt,13,0,CLEAN,2,1,2,0.9608,0.026,0.0132,0.9608
Lủ chó,lủ chó,2,2,HATE,1,1,1,0.973,0.0023,0.973,0.0247
Tiên tri Trần Dần về  Việt Nam ở nghĩa trang bình an,tiên_tri trần dần về việt_nam ở nghĩa_trang bình_an,8,2,HATE,0,0,0,0.996,0.996,0.0014,0.0026
Hoàng Văn Thuận nên xử bắn hed,hoàng văn_thuận nên xử bắn hed,6,1,OFFENSIVE,0,0,0,0.9897,0.9897,0.0025,0.0078
Khi buồn mình chơi lớn đi nghĩa vụ và giờ muốn ra cx éo đc,khi buồn mình chơi lớn đi nghĩa_vụ và giờ muốn ra cũng éo được,14,1,OFFENSIVE,0,0,0,0.9715,0.9715,0.0251,0.0035
Quê tao mà giơ cánh hoa ntn ra đường là đéo còn đường về quê mẹ,quê tao mà giơ cánh hoa như_thế_nào ra đường là đéo còn đường về quê mẹ,16,0,CLEAN,1,1,1,0.9601,0.0357,0.9601,0.0041
Lê Hoàng Trần :V vãi cả lý luận và đổ thừa !VN ta có đảng quang vinh lãnh đạo mà ko khắc phục được mấy cái cỏn con vậy à ?,lê_hoàng_trần vậy vãi cả lý_luận và đổ thừa vn ta có đảng_quang_vinh lãnh_đạo mà không khắc_phục được mấy cái cỏn_con vậy à,22,0,CLEAN,2,2,2,0.9873,0.0087,0.004,0.9873
Chết mất :))),chết mất,2,0,CLEAN,1,1,1,0.9888,0.0066,0.9888,0.0047
"ông có tuổi rùi! cố giữ gìn sức khỏe, thỉnh thoảng tấu hài bà con coi là zui rùi! mà giác ngộ vầy là tốt rùi, chứ nhìu ông già 3/// cố chấp lắm",ông có_tuổi rồi cố giữ_gìn sức_khỏe thỉnh_thoảng tấu hài bà_con coi là zui rồi mà giác_ngộ_vầy là tốt rồi chứ nhiều ông_già 3 cố_chấp lắm,25,2,HATE,0,0,0,0.9786,0.9786,0.0025,0.0189
"Hà Nguyễn Khánh Duy Gái Nhật đi tàu đi ngầm nó ngứa mu quá, lấy tay móc gãi tỉnh queo. Nhìn ghê lắm kìa",hà nguyễn_khánh_duy_gái nhật đi tàu đi ngầm nó ngứa_mu quá lấy tay móc gãi tỉnh_queo nhìn ghê lắm kìa,19,2,HATE,0,0,1,0.9499,0.0409,0.9499,0.0092
"Tìm chó thất lạc đặc điểm""cực kì thuyết phục""",tìm chó thất_lạc đặc_điểm cực_kì thuyết_phục,6,1,OFFENSIVE,0,0,0,0.9967,0.9967,0.0016,0.0018
Con trai làm trưởng phòng kế toán nữa thì quả là một dân tộc Hạnh Fúck,con trai làm trưởng phòng kế_toán nữa thì quả là một dân_tộc hạnh fúck,14,1,OFFENSIVE,0,0,0,0.885,0.885,0.0743,0.0407
"Trên đời này mấy thằng to xác thường được tạo hóa ban cho tính bắt nạt, chỉ một cách duy nhất trị được chúng nó là phải tỏ ra mặt mình không sợ chúng nó, sẵn sàng đập lại đến chết. Ngay cả Mỹ thời gian trước bị Thổ Nhĩ Kỳ bắn hạ drone quân sự, tụi chín",trên đời này mấy thằng to xác thường được tạo hóa_ban cho tính bắt_nạt chỉ một_cách duy_nhất trị được chúng_nó là phải tỏ ra_mặt mình không sợ chúng_nó sẵn_sàng đập lại đến chết ngay cả mỹ thời_gian trước bị thổ_nhĩ kỳ_bắn hạ_drone quân_sự tụi chín,45,0,CLEAN,2,2,2,0.9895,0.0069,0.0036,0.9895
Quá đáng vl anh ơi ngồi nấu mì ăn xem review thịt trâu:((,quá đáng vãi anh ơi ngồi nấu mì ăn xem review thịt trâu,13,1,OFFENSIVE,0,0,0,0.9964,0.9964,0.0017,0.0019
Tsb 💩,tsb,1,1,OFFENSIVE,0,0,0,0.9951,0.9951,0.0028,0.0022
Những kẻ cướp ngày đang bênh vực tên trộm đêm :),những kẻ_cướp ngày đang bênh_vực tên trộm đêm,8,1,OFFENSIVE,0,0,0,0.9862,0.9862,0.0062,0.0076
"Con này nó rảnh, nói gì kệ nó",con này nó rảnh nói gì kệ nó,8,0,CLEAN,2,2,2,0.9891,0.007,0.0039,0.9891
THƯA NHÀ TIÊN TRI CHO BIẾT KHI NÀO VIỆT NAM SẼ XÓA SỔ TRUNG QUỐC VẬY?,thưa nhà tiên_tri cho biết khi nào việt_nam sẽ xóa sổ trung_quốc vậy,13,2,HATE,0,0,0,0.9877,0.9877,0.0026,0.0097
"Tiếp theo sẽ là sự phân hóa trong nội bộ lãnh đạo Bắc Kinh. Bộ mặt thật của tình ""đồng chí"" lộ diện !",tiếp_theo sẽ là sự phân_hóa trong nội_bộ lãnh_đạo bắc kinh_bộ_mặt thật của tình đồng_chí lộ_diện,15,0,CLEAN,2,2,2,0.9883,0.0082,0.0035,0.9883
"Con này nếu một ngày thằng Đài Loan nó đuổi, thì nó đi đâu",con này nếu một ngày thằng đài loan nó đuổi thì nó đi đâu,14,0,CLEAN,2,2,2,0.9856,0.0107,0.0036,0.9856
Thời nay có những người mãi mãi chọc người có vấn đề thần kinh để làm gì ÁC ĐỨC LẮM bỏ đi người ta có chồng có con thơ dại không có đi lừa gạt cướp bóc ???,thơ i nay co như ng ngươ i ma i ma i cho c ngươ i co_vâ n đê thâ n kinh đê la_mày gi anh c đư c lă mày bo đi ngươ i ta co_chô ng_co con_thơ da i không co đi_lư anh ga tao cươ p bo c,51,0,CLEAN,2,2,2,0.9609,0.034,0.0052,0.9609
"Một câu chuyện cổ tích rất hay được sáng tác bởi công an Việt Nam. Giỏi lắm các chiến sĩ vì nước quên dân, vì thân phục vụ.",một câu_chuyện cổ_tích rất hay được sáng_tác bởi công_an việt_nam giỏi lắm các chiến_sĩ vì nước quên dân vì thân phục_vụ,21,2,HATE,0,0,0,0.9911,0.9911,0.0021,0.0069
thằng viết bài thật là cứng,thằng viết bài thật là cứng,6,0,CLEAN,2,2,2,0.7879,0.2013,0.0108,0.7879
Lol này cây vô đầu nó mới sợ :),lol này cây vô_đầu nó mới sợ,7,0,CLEAN,2,2,2,0.9906,0.005,0.0044,0.9906
Sao giờ nhiều chương trình nhố nhăng thế khg biết,sao giờ nhiều chương_trình nhố nhăng_thế không biết,8,2,HATE,0,0,0,0.9964,0.9964,0.0019,0.0017
Điên qf :,điên qf,2,0,CLEAN,1,2,1,0.8584,0.046,0.8584,0.0956
"Nền giáo dục phương tây đã dạy gì cho những \""ai kia\""☹️. Nghĩ nó chán, sang chảnh mà ý thức l0l😑",nê n gia_o du_c phương tây đa da y_gi cho như ng ai kia nghi_no cha_n sang cha nh ma y_thư c l0l,23,1,OFFENSIVE,0,0,2,0.9398,0.0443,0.0159,0.9398
Toang thực sự 😐,toang thực_sự,2,1,OFFENSIVE,0,0,0,0.9917,0.9917,0.0059,0.0024
khôn thế thầy lòn :)),khôn_thế thầy lòn,3,0,CLEAN,2,2,2,0.9902,0.006,0.0038,0.9902
Công nghệ xây cầu mới của đảng và nhà nước ta đấy! Thế giới chưa nước nào có đâu,công_nghệ xây cầu mới của đảng và nhà_nước ta đấy thế_giới chưa nước nào có đâu,16,1,OFFENSIVE,2,2,0,0.9804,0.9804,0.0057,0.0139
Huyền Vy dẹp mẹ đi,huyền vy dẹp mẹ đi,5,2,HATE,0,1,1,0.6564,0.3221,0.6564,0.0214
vào phòng kín cho đấm lại là huề :v chứ rùm ben kiểu này xấu mặt nội bộ hết :v,vào phòng kín cho đấm lại là huề vậy chứ rùm ben kiểu này xấu mặt nội_bộ hết vậy,19,0,CLEAN,1,1,1,0.9853,0.01,0.9853,0.0047
Con số 34 cũng làm lan rộng ra,con_số 34 cũng làm lan rộng ra,7,2,HATE,0,0,0,0.995,0.995,0.0023,0.0028
"Tâm Tâm nó nói gì chẳng đc thực hư thế nào chả ai biết.nếu bạn cố tình đi lây lan bạn có chịu khai thật với chính quyền là:\""ờ t bị bệnh t thích đi hiến đấy. Bạn dám nói thế thì mình chịu sai.",tâm_tâm nó nói gì chẳng được thực_hư thế_nào chả ai biết nếu bạn cố_tình đi lây_lan bạn có chịu khai thật với chính_quyền là ờ tao bị bệnh tao thích đi hiến đấy bạn dám nói thế thì mình chịu sai,41,0,CLEAN,2,2,2,0.972,0.023,0.0049,0.972
đến lúc nó chet lại sợ dai ra quần :((,đến lúc nó chet lại sợ dai ra quần,9,0,CLEAN,1,1,1,0.9533,0.0422,0.9533,0.0045
Ng Tuấn Châu uầy gắt vđ,ng tuấn châu_uầy gắt vđ,5,1,OFFENSIVE,0,0,0,0.9941,0.9941,0.0028,0.0031
được vl anh độ ạ😂,được vãi anh độ ạ,5,1,OFFENSIVE,0,0,0,0.9961,0.9961,0.002,0.0018
Xem bực mình thêm,xem bực_mình thêm,3,1,OFFENSIVE,0,0,0,0.9693,0.9693,0.0282,0.0025
Phan Linh đb ct có lm j đâu ? Mà ss chán,phan_linh_đb ct có lm gì đâu mà ss chán,9,1,OFFENSIVE,0,0,2,0.951,0.0339,0.0151,0.951
Nguyễn Yến Nhi đang tính cmt luôn. :)))) Coi xong kiểu WTF?? T đã coi clg thế :)))),nguyễn yến_nhi đang tính comment luôn coi xong kiểu wtf tao đã coi clg thế,15,2,HATE,0,0,0,0.9925,0.9925,0.0056,0.0018
Bạn Ba còn gạ bạn Thơ vô to lét nữa :))),bạn ba còn gạ bạn thơ vô to_lét nữa,9,0,CLEAN,1,2,1,0.9822,0.0123,0.9822,0.0055
"Dkm phat ,noi nhu c",dkm phat noi nhu_c,4,2,HATE,1,1,1,0.9923,0.003,0.9923,0.0047
Giống abe vailon,giống abe vailon,3,0,CLEAN,1,1,1,0.991,0.0032,0.991,0.0058
phe khoang qua ma oi,phe khoang qua ma oi,5,0,CLEAN,2,2,2,0.9792,0.0152,0.0056,0.9792
Đụ Má...... Con bede sấu nhất quả đất,đụ má con bede_sấu nhất quả đất,7,2,HATE,1,1,1,0.539,0.0361,0.539,0.4249
Xứ tư bản của ba que,xứ tư_bản của ba que,5,0,CLEAN,2,2,2,0.9845,0.0111,0.0044,0.9845
Việc đéo j cũng đến tay tao kể cả việc lái xe cho ông già,việc đéo gì cũng đến tay tao kể_cả việc lái_xe cho ông_già,12,0,CLEAN,1,1,1,0.9852,0.0115,0.9852,0.0033
Thầy em là phải hơn. Nhưng ngu hơn ă🤧,thầy em là phải hơn nhưng ngu hơn ă,9,0,CLEAN,2,2,2,0.9875,0.0088,0.0037,0.9875
Sân bay chưa xây mà cao tốc kẹt như cơm bữa! Đường khẩn cấp mà chạy chiếm hết ý thức!,sân_bay chưa xây mà cao_tô c_kẹt như cơm bư anh đươ ng khẩn_câ p mà chạy chiê_mày hê tao ý thư c,22,1,OFFENSIVE,0,0,2,0.691,0.2935,0.0155,0.691
MinhHieu đại chó nó dao làm người đừng làm chỗ chỗ,minhhieu đại chó nó dao làm người đừng làm chỗ chỗ,11,0,CLEAN,1,2,2,0.9908,0.0045,0.0047,0.9908
Đừng đùa ko khéo đem vào giảm dạy như mac lenin thì khối thằng ốm đòn sách này 500k là ít,đừng đùa không_khéo đem vào giảm dạy như mac_lenin thì khối thằng ốm đòn sách này 500 k là ít,20,0,CLEAN,1,2,1,0.9346,0.0073,0.9346,0.0581
"Chửi vô tội vạ mà đéo biết báo từ đời nào rồi,và chỉ phạt các doanh nghiệp mua điện nhưng lại k sử dụng để tránh lãng phí thôi chứ dân dùng bằng nào thu bằng đấy,toàn những con bò",chư i vô_tô i va_ma đe o biê tao ba o tư_đơ i na_o rô i va_chi pha tao ca c doanh_nghiê p mua điê_n nhưng la i không sư du_ng đê_tra nh la ng phi thôi chư dân du_ng bă ng na_o thu bă ng đâ_y toa_n như ng con bo,52,1,OFFENSIVE,2,2,2,0.9892,0.0072,0.0036,0.9892
Da bao dung nghe cs noi !!!,da bao_dung nghe có noi,5,2,HATE,0,0,0,0.9965,0.9965,0.0018,0.0017
"Dạo này bệnh lợn tả châu phi tạm yên !! Bây giờ lại bắt đầu bệnh bò điên hoang tưởng , rối loạn phân liệt ông giáo ạh ! Thế có nguy ko chứ",dạo này bệnh lợn_tả châu_phi tạm yên bây_giờ lại bắt_đầu bệnh bò_điên hoang_tưởng rối_loạn phân_liệt ông giáo_ạh thế có nguy_không chứ,21,1,OFFENSIVE,2,2,2,0.9123,0.0743,0.0134,0.9123
Bớt ảo tưỡng đi,bớt ảo tưỡng đi,4,1,OFFENSIVE,0,0,0,0.9952,0.9952,0.0029,0.0019
"Có cc,t là bẩm sinh r :v",có cc tao là bẩm_sinh rồi vậy,7,0,CLEAN,1,2,1,0.9897,0.0027,0.9897,0.0076
"Nhân loại giờ đây giảm bớt ác mộng rồi, chỉ còn góc châu Á còn ác mộng thôi.",nhân_loại giờ_đây giảm bớt ác_mộng rồi chỉ còn góc châu_á còn ác_mộng thôi,13,2,HATE,0,0,0,0.9899,0.9899,0.0031,0.007
BÓNG ĐÁ- chính là “RẠP XIẾC”.,bóng_đá chính là rạp xiếc,5,1,OFFENSIVE,0,0,0,0.9941,0.9941,0.003,0.0029
Đưa lên kiểu này có khi ngày mai nó cho người ra đập bỏ luôn là hiểu nhé 😭,đưa lên kiểu này có_khi ngày_mai nó cho người ra đập bỏ luôn là hiểu nhé,16,2,HATE,0,0,0,0.9803,0.9803,0.0118,0.0079
Má nó em tức ghê ớ,má nó em tức ghê_ớ,5,0,CLEAN,1,1,1,0.9858,0.0108,0.9858,0.0034
Bịt lol chạy quanh nhà là có thật 🤣🤣,bịt lol chạy quanh nhà là có thật,8,0,CLEAN,1,2,1,0.9924,0.0032,0.9924,0.0044
Đi coppy ảnh của page khác không ghi nguồn. :))) kém chuyên nghiệp,đi coppy_ảnh của page khác không ghi nguồn kém chuyên_nghiệp,10,1,OFFENSIVE,0,0,0,0.9952,0.9952,0.0028,0.002
Mất thằng K cái nhạc dở quoãi,mất thằng không cái nhạc dở_quoãi,6,0,CLEAN,2,2,2,0.9895,0.0048,0.0057,0.9895
nguoi ta co tien lam rang gia.cgu.bon minh tien dau.lam.bactram trieu do bo,nguoi ta co tien_lam rang_gia_cgu bon_minh tien dau_lam bactram_trieu do bo,11,0,CLEAN,2,2,2,0.9323,0.0503,0.0174,0.9323
Kim Phượng thế con ngu ở hà nội p nó cũng nhảy bông nhông khắp nơi đó p,kim phượng thế con ngu ở hà_nội p nó cũng nhảy bông_nhông khắp_nơi đó p,15,1,OFFENSIVE,0,0,0,0.9692,0.9692,0.0055,0.0254
đứng thế lốp nó nổ nó bắn cho cái thì đéo còn bánh mỳ với nước lã mà uống,đứng thế lốp nó nổ nó bắn cho cái thì đéo còn bánh_mỳ với nước_lã mà uống,17,0,CLEAN,1,2,1,0.9874,0.0089,0.9874,0.0037
cho a bu voi,cho anh bu voi,4,1,OFFENSIVE,0,0,0,0.9957,0.9957,0.0015,0.0028
Ảnh hưởng đến công việc thì kệ cụ nhà m,ảnh_hưởng đến công_việc thì kệ cụ nhà mày,8,2,HATE,0,0,0,0.7513,0.7513,0.0123,0.2364
"Ăn thua gì, ăn mừng đón con khỉ nói tiếng Hoa cũng chết vài triệu mạng rồi.",ăn_thua gì ăn_mừng đón con khỉ nói tiếng hoa cũng chết vài triệu mạng rồi,15,1,OFFENSIVE,0,2,2,0.9856,0.0064,0.008,0.9856
"Lên núi làm hảo hán, cướp của quan tham chia cho dân nghèo. Về đầu thú là tội chết.",lên núi làm hảo_hán cướp của quan tham_chia cho dân_nghèo về đầu_thú là tội chết,15,1,OFFENSIVE,2,0,2,0.5343,0.0248,0.4408,0.5343
Vậy đủ chậm chưaaa đumaaaaaaaa,vậy đủ chậm chưaa đumaa,5,1,OFFENSIVE,0,0,0,0.9955,0.9955,0.0019,0.0026
Khổ thân cho các bác sĩ cùng người dân luôn tích cực phòng ngừa tìm cách để ngăn dịch kèm theo sự tuyên truyền của nhà nc mà bây giờ loi ra thêm mấy thành phần y thức kém làm công sức bao lâu do song do biển hết hy sinh vô ích buồn thiệt chứ,khô thân cho ca c ba c si cu ng ngươ i dân luôn ti ch_cư c pho ng ngư anh ti_mày cách đê ngăn di_ch ke mày theo sư tuyên_truyê n cu anh nha nc ma bây giơ_loi ra thêm mâ y_tha nh phâ n y_thư c_ke mày la_mày công_sư c bao_lâu do song do biê n hê tao hy_sinh vô i ch buô n thiê tao chư,69,0,CLEAN,2,2,2,0.9766,0.0195,0.0038,0.9766
Giựt tiền của chị minh hiếu mà nổ,giựt tiền của chị minh_hiếu mà nổ,7,0,CLEAN,2,2,2,0.963,0.0252,0.0118,0.963
"thằng dưới thì thấy thế này, chứ đm thằng ad mà làm quan to xem, thử mở mồm ra nói nghĩ cho dân xem nào :)) thanh niên GATO",thằng dưới thì thấy thế_này chứ đm thằng admin mà làm quan to xem thử mở mồm ra nói nghĩ cho dân xem nào thanh_niên ghen ăn_tức ở,28,1,OFFENSIVE,2,2,2,0.9902,0.0056,0.0042,0.9902
"cách đây cũng 1 2 năm nghe tin đứa trẻ sinh ra đã cõng 22 triệu giờ 29 triệu , mấy ông đi vay tiền để tăng GDP à =))",cách đây cũng 1 2 năm nghe tin đứa trẻ sinh ra đã cõng 22 triệu giờ 29 triệu mấy ông đi vay tiền để tăng gdp à,28,2,HATE,0,1,0,0.9952,0.9952,0.0027,0.0022
Không có tiền thì gọi là mơ ước chứ đéo phải đam mê đâu,không có tiền thì gọi_là mơ_ước chứ đéo phải đam_mê đâu,11,0,CLEAN,1,1,1,0.9632,0.0336,0.9632,0.0032
T cố gắng nghe hết nhưng đâu tai thật sự,tao cố_gắng nghe hết nhưng đâu_tai thật_sự,7,1,OFFENSIVE,0,0,0,0.9963,0.9963,0.0018,0.0018
má dầu thơm giả sức cho ghẻ người,má dầu thơm giả_sức cho ghẻ người,7,1,OFFENSIVE,0,0,0,0.9957,0.9957,0.0022,0.0022
từ bỏ thiên đường xhcnvn sang xứ tư bản giãy chết làm culi!😭😹🤣,từ_bỏ thiên_đường xhcnvn sang xứ tư_bản giãy_chết làm culi,9,0,CLEAN,2,2,2,0.9857,0.0105,0.0037,0.9857
Nguễn Trường vcl intro,nguễn trường vãi intro,4,1,OFFENSIVE,0,0,0,0.9894,0.9894,0.0081,0.0025
Làm riết thấy chán. Lên cao thủ lẹ đi ông già,làm riết thấy chán lên cao_thủ lẹ đi ông_già,9,1,OFFENSIVE,0,0,0,0.983,0.983,0.0054,0.0117
nó chơi luật rừng thì mình chơi luật rừng! mạng đổi mạng! đéo phải nói nhiều! Bức xúc làm cc gì,nó chơi luật rừng thì mình chơi luật rừng_mạng đổi_mạng đéo phải nói nhiều bức_xúc làm cc gì,18,2,HATE,1,1,1,0.9915,0.0036,0.9915,0.0049
"Chơi gì cũng ngu, chơi ngu là giỏi 😆",chơi gì cũng ngu chơi ngu là giỏi,8,0,CLEAN,1,2,1,0.8787,0.1164,0.8787,0.0049
Đồ Uyển Đình Ngọc dcm=)) chai sting vô đầu nha,đồ uyển_đình ngọc dcm chai sting vô đầu nha,9,1,OFFENSIVE,2,2,2,0.9889,0.0058,0.0053,0.9889
Bất hạnh nhất cuộc đời là ra trường rồi mà bạn vẫn ngu dốt .😔 đáng buồn cho nghành giáo dục,bất_hạnh nhất cuộc_đời là ra trường rồi mà bạn vẫn ngu_dốt đáng buồn cho ngành giáo_dục,16,1,OFFENSIVE,0,0,2,0.9861,0.0098,0.0041,0.9861
Gan vđ,gan vđ,2,0,CLEAN,1,1,1,0.9918,0.0045,0.9918,0.0037
"Phải nói có sách mách có chứng thế thì nhiều người mới biết được đâu là ngụy đâu là chính, đâu là ngu dốt đâu là văn minh..",phải nói có sách mách có chứng_thế thì nhiều người mới biết được đâu là ngụy đâu là chính đâu là ngu dốt đâu là văn_minh,26,0,CLEAN,2,2,1,0.9574,0.034,0.9574,0.0086
Phát biểu nguu vãi,phát_biểu nguu vãi,3,2,HATE,1,1,1,0.9925,0.0039,0.9925,0.0036
"Làm được chức lớn mà cậy, chẳng hiểu cán bộ lãnh đạo làm như vậy có đẹp để noi gương không, đọc xong nghe mak hết muốn ăn",làm được chức lớn mà cậy chẳng hiểu cán_bộ lãnh_đạo làm như_vậy có đẹp để noi_gương không đọc xong nghe mak hết muốn ăn,24,0,CLEAN,2,2,2,0.9837,0.007,0.0093,0.9837
"hi sinh thầm lặng cho mấy thằng sếp của nó đứng đằng xa, nó cũng có phần chia chát trong đó rồi còn gì bạn ! Tôi muốn cứ 3km lại có 1 trạm bắn tốc độ công khai, hoặc gắn camera. Như thế dân sẽ sợ và tự giác chấp hành hơn. Còn cái thể loại núp lùm ăn tiền thế này ai khen nổi mà đăng bài chia sẻ với cả động viên !",hi_sinh thâ mày lă ng cho mâ y_thă ng sê p cu anh no đư ng đă ng xa no cu ng co_phâ n chia cha tao trong đo rô i co_n gi ba n tôi muô n_cư 3 km la i co 1 tra mày bă n tô c_đô công_khai hoă c gă n camera như thê_dân se sơ_va tư_gia_c châ p ha nh hơn co_n ca i thê_loa i nu p lu_mày ăn tiê_n thê_na_y ai khen nô i ma đăng ba i chia se_vơ i ca_đô ng_viên,90,1,OFFENSIVE,2,2,2,0.9881,0.0085,0.0034,0.9881
Nguyễn Đông trẻ trâu biết j,nguyễn_đông trẻ trâu biết gì,5,0,CLEAN,2,1,2,0.9863,0.0093,0.0045,0.9863
VN Net sắp sập mất hoy. Dám viết bài phản động ak,vn net sắp sập mất hoy dám viết bài phản_động ak,11,0,CLEAN,2,2,2,0.9228,0.0581,0.0191,0.9228
Bộ hết người hay sao vậy trời...,bộ hết người hay sao vậy trời,7,1,OFFENSIVE,0,0,0,0.996,0.996,0.0018,0.0022
"Trần Dần ăn tục, nói khoét hắn đóan được vận mệnh, tương lai thì nay hắn giàu to rồi, chứ đâu phải xách cần đi câu cơm, có lẻ hắn bị ( bệnh tâm thần).",trần dần ăn_tục nói khoét hắn đoán được vận_mệnh tương_lai thì nay hắn giàu to rồi chứ đâu phải xách cần đi câu cơm có lẻ hắn bị bệnh_tâm_thần,29,2,HATE,1,0,0,0.9734,0.9734,0.0051,0.0215
"Càng đọc càng tức con quỷ đó. Bây giơ vì nó bao nhiu ng chuẩn bị thất nghiệp, người gia thì lo sợ hoang mang, bao nhiu chủ Doanh nghiệp đợt này tiu luôn. Thứ gì đâu ak",ca ng đo c ca ng tư_c con quy_đo bây_giơ vi_no bao nhiều ng chuâ n bi_thâ tao nghiê p ngươ i gia_thi lo sơ_hoang_mang bao nhiều chu_doanh nghiê p đơ tao na_y_tiu luôn thư_gi đâu ak,37,2,HATE,0,0,0,0.904,0.904,0.0385,0.0575
Nguyễn Thuận ca sĩ ra bài fan ý kiến chứ clg căng,nguyễn_thuận ca_sĩ ra bài fan ý_kiến chứ clg căng,9,2,HATE,0,1,0,0.9864,0.9864,0.0105,0.0031
Tôi đã thấy chó cs trên đất dân.,tôi đã thấy chó có trên đất dân,8,2,HATE,0,1,1,0.6893,0.0066,0.6893,0.3041
Thôi anh ơi chuẩn bị về mở tiệm bánh tráng là được rồi,thôi anh ơi chuẩn_bị về mở tiệm bánh_tráng là được rồi,11,2,HATE,0,0,0,0.9964,0.9964,0.0015,0.0021
Giống loài Loan luân la vây,giống loa i loan luân_la vây,6,2,HATE,0,1,0,0.5139,0.5139,0.3723,0.1138
"4,5 tr đảng viên đã lỡ leo lưng cọp",4 5 tr đảng_viên đã lỡ leo lưng cọp,9,0,CLEAN,2,1,2,0.8751,0.116,0.0089,0.8751
Này thì thượng đẳng với chúng tôi,này thì thượng_đẳng với chúng_tôi,5,0,CLEAN,2,2,2,0.8551,0.1128,0.0321,0.8551
Này khẩu phật tâm xà,này khẩu phật_tâm xà,4,1,OFFENSIVE,0,0,0,0.9904,0.9904,0.0028,0.0068
Vũ Thanh Huyền khi bạn cmt nhưng lại quên lắp não :v,vũ_thanh_huyền khi bạn comment nhưng lại quên lắp_não vậy,9,2,HATE,0,0,0,0.9856,0.9856,0.006,0.0084
Co ba oi ke nguoi ta di con day ngheo lam doan loto kho lam sdt con que con ben tre 0347569004,co ba oi_ke nguoi ta di_con day ngheo lam_doan loto kho lam_sdt con que con ben tre 0347569004,18,0,CLEAN,2,2,2,0.9888,0.0072,0.004,0.9888
Đm! Đen méo chơi nữa,đm đen méo chơi nữa,5,0,CLEAN,1,1,1,0.9927,0.0031,0.9927,0.0042
Sao già xap xuong lô roi ma len mang chui chi vay that la xau hô,sao già xap xuong lô roi ma len mang chui chi vay that_la xau hô,15,1,OFFENSIVE,2,2,2,0.9885,0.0075,0.004,0.9885
"Thôn làm vậy là do thôn lầm, thôn lầm nên dân nó ghét, nó bật lại là thôn cái lù",thôn làm_vậy là do thôn lầm_thôn lầm nên dân nó ghét nó bật lại là thôn cái lù,18,1,OFFENSIVE,2,2,2,0.9769,0.0141,0.009,0.9769
Ông sena kiểu như: clg đang xảy ra vậy :))),ông sena kiểu như clg đang xảy ra vậy,9,0,CLEAN,2,2,2,0.9905,0.0055,0.004,0.9905
Nản cái chế độ...,na_n ca i chê_đô,4,2,HATE,0,1,1,0.639,0.1441,0.639,0.2169
Nguyễn Trọng Thái ong giám bảo anh tôi sai à ? Sai cc đéo sai 😆,nguyễn_trọng_thái ong giám_bảo anh tôi sai à sai cc đéo sai,11,2,HATE,1,1,1,0.9875,0.0084,0.9875,0.0041
Cứ như thế này thì duyệt mẹ đi cho nhanh 😀,cứ như thế_này thì duyệt mẹ đi cho nhanh,9,0,CLEAN,1,1,1,0.9903,0.0062,0.9903,0.0035
Đánh chết mẹ nó đi chị để nó mất dạy quá,đánh chết mẹ nó đi chị để nó mất dạy quá,11,1,OFFENSIVE,2,2,2,0.9884,0.0054,0.0062,0.9884
"Tăng thu, giảm chi, tích cực tham nhũng. Dân biết khổ sở nhiều sẽ bớt ngu đi thì 1,2 năm nữa sẽ có biến.",tăng thu giảm chi tích_cực tham_nhũng dân biết khổ_sở nhiều sẽ bớt ngu đi thì 1 2 năm nữa sẽ có biến,22,0,CLEAN,2,2,1,0.6554,0.0416,0.6554,0.303
Thanglon nào cũng từng như thế cacban ạ 😌😌😌,thanglon nào cũng từng như_thế cacban ạ,7,1,OFFENSIVE,0,0,2,0.8833,0.0091,0.1075,0.8833
Máu cộng sản ăn vào người rùi nên vậy.,máu cộng_sản ăn vào người rồi nên vậy,8,1,OFFENSIVE,2,2,2,0.9515,0.0262,0.0223,0.9515
Thằng Trung có con *** to lắm,thằng trung có con to lắm,6,1,OFFENSIVE,2,2,2,0.9901,0.0062,0.0037,0.9901
"Người tinh không bằng Trời tính. Nhân quả nhãn tiến. Ác giả ác báo. Bọn Truyền thông THổ TẢ và phe dân chửi mưu gian. lừa phỉnh sẽ bị lật măt gian manh .Ý dân là ý trời.Bọn người gian tham , phá thai, giết hàng tri65u sinh linh sẽ bị Trời diệt. Yêu thương ,bác ái, từ bi sẽ mãi mãi được mọi người tử tế phát huy.",người tinh không bằng trời tính nhân_quả nhãn tiến_ác giả_ác báo bọn truyền_thông thổ_tả và phe_dân chửi mưu_gian lừa_phỉnh sẽ bị lật măt gian_manh ý_dân là ý_trời bọn người gian tham_phá thai giết hàng tri65u sinh_linh sẽ bị trời diệt yêu_thương bác_ái từ bi sẽ mãi_mãi được mọi người tử_tế phát_huy,51,0,CLEAN,2,2,2,0.9897,0.0063,0.004,0.9897
Bắn chet moe abe h,bắn chet moe abe giờ,5,2,HATE,0,0,0,0.9733,0.9733,0.0217,0.005
"mong admin ""chửi"" hãy bước ra ánh sáng và dẫn dắt các con dân theo con đường đúng đắn :(",mong admin chửi hãy bước ra ánh_sáng và dẫn_dắt các con dân theo con đường đúng_đắn,16,0,CLEAN,2,2,2,0.7701,0.2198,0.0102,0.7701
"Bị giải tỏa nhưng đền bù không thỏa đáng, cả nhà sắp mất bát cơm nên làm liều.",bị giải_tỏa nhưng đền_bù không thỏa đáng cả nhà sắp mất bát cơm nên làm liều,16,2,HATE,1,0,0,0.974,0.974,0.0229,0.0031
"Biết bao nhiêu vụ đi bắt người bị quay xong bảo bắt bớ dân lành ? Thì đm bây giờ CA nó chờ đủ hết mọi thủ tục cần thiết nó mới dám bắt chứ không thì đm ""cư dân mạng"" chửi sml ra à ?",biết_bao_nhiêu vụ đi bắt người bị quay xong bảo bắt_bớ dân_lành thì đm bây_giờ ca nó chờ đủ hết mọi thủ_tục cần_thiết nó mới dám bắt chứ không thì đm_cư_dân mạng chửi sml ra à,35,0,CLEAN,1,2,1,0.8353,0.0052,0.8353,0.1595
"Lão già này đã mở được mắt rôi à, năm 2022 quoay đầu về bờ , đúng là đồ dở hết đường đi. Võ ông đánh gà ko tụt lông.",lão già này đã mở được mắt rôi à năm 2022 quoay đầu về bờ đúng là đồ_dở hết đường đi võ ông đánh gà không tụt lông,28,2,HATE,0,0,0,0.9656,0.9656,0.0041,0.0303
con di~ dang hang leo rank,con di_dang hang leo rank,5,1,OFFENSIVE,2,2,2,0.9842,0.0115,0.0043,0.9842
Bạy bạ à nghen Úc mới là nơi ung thư nhât thế giới. Nói có sách mách co chứng,bạy_bạ à nghen úc mới là nơi ung_thư nhât thế_giới nói có sách mách_co_chứng,14,0,CLEAN,1,1,1,0.8401,0.0469,0.8401,0.1131
Dm cái giọng cười Abe nghe khốn nạn vl ạ :)) nhưng mỗi lần em nghe em đều cười theo =)),dm cái giọng cười abe nghe khốn_nạn vãi ạ nhưng mỗi lần em nghe em đều cười theo,18,0,CLEAN,2,1,1,0.9531,0.0355,0.9531,0.0114
Quan chức nhà nước mà cứ như vầy thì sao được lòng dân 😡,quan_chức nhà_nước mà cứ như_vầy thì sao được lòng dân,10,0,CLEAN,2,2,2,0.9662,0.0266,0.0072,0.9662
TPhcm có chợ nổi,tphcm có chợ nổi,4,0,CLEAN,1,1,1,0.9855,0.0024,0.9855,0.0121
"Cô ba chở vàng qua mỹ :)) nghe hư cấu vl,mày vào xem ký sự 30/4 đi nhé",cô ba chở vàng qua mỹ nghe hư cấu_vãi mày vào xem ký_sự 30 4 đi nhé,17,1,OFFENSIVE,0,2,0,0.9746,0.9746,0.0218,0.0036
Vãi thèn tèo về cctalk ngay. =]]],vãi thèn_tèo về cctalk ngay,5,0,CLEAN,1,1,1,0.9063,0.0892,0.9063,0.0046
Người j đâu mà chưởi người Việt NAM MÌNH trưởi người ta quá trời ĐÚNG LÀ BÃ CHƯA THẤY QUAN TÀI CHƯA ĐỔ LỆ,người gì đâu mà chưởi người việt_nam mình trưởi người ta quá trời đúng là bã chưa thấy quan_tài chưa đổ_lệ,21,2,HATE,0,0,0,0.9886,0.9886,0.0043,0.0071
"Bác sĩ ""Y.T.M.L"" -_- Phạm tội hiếp dâm mà cần gì phải giấu tên ! Vụ này nên thưa ra tòa chứ kĩ luật thì nhẹ quá",bác_sĩ y_tao mày l phạm_tội hiếp_dâm mà cần gì phải giấu tên vụ này nên thưa ra tòa chứ kĩ_luật thì nhẹ quá,23,0,CLEAN,1,2,2,0.9511,0.0375,0.0114,0.9511
"Người ta đã xin lỗi rồi sao cứ vào nick người ta xem rồi đăng lên chửi hoài,nó chửi thề thì kệ nó,nó chửi mấy người chửi nó chứ đau có dám đem người VN ra chửi nữa đau mà nhào vào chửi nó cả vô duyên thế",ngươ i ta đa xin lô i rô i sao_cư va_o nick ngươ i ta xem rô i đăng lên chư i hoa i_no chư i thê_thi kê no no chư i mâ y_ngươ i chư i no chư đau_co da mày đem ngươ i vn ra chư i nư anh đau ma_nha o va_o chư i no_ca vô_duyên thê,60,1,OFFENSIVE,2,2,0,0.987,0.987,0.0059,0.0072
Mỗi khi anh độ chửi bậy nó sẽ giật... Sau khi giật xong anh độ sẽ đập nó xuống bàn và chửi đitconmemay giật cailon :),mỗi khi anh độ chửi bậy nó sẽ giật sau khi giật xong anh độ sẽ đập nó xuống bàn và chửi đitconmemay giật cailon,25,1,OFFENSIVE,2,2,2,0.7227,0.0095,0.2678,0.7227
Bớt bớt dô diên dùm cái nha 😒,bớt bớt dô diên dùm cái nha,7,1,OFFENSIVE,0,2,0,0.8249,0.8249,0.1616,0.0135
"Yên tâm về Việt Nam thành phế vật ngay ae ạ . Nước ngoài nó chỉ có fuck you , oh shit ... còn về Việt Nam thì k đc đmm thì đcmm hoặc độu má m ... phế chắc chắn 🤣🤣🤣",yên_tâm về việt_nam thành phế_vật ngay ae ạ nước_ngoài nó chỉ có fuck you oh shit còn về việt_nam thì không được đmm thì đcmm hoặc độu má mày phế chắc_chắn,31,1,OFFENSIVE,2,2,2,0.9909,0.005,0.0041,0.9909
Lai chim chửi máy đứa trẻ trâu pat! Đi chị,lai_chim chửi máy đứa trẻ trâu pat đi chị,9,0,CLEAN,1,1,2,0.9855,0.0067,0.0078,0.9855
Đoàn Trung Hiếu vãi loinmm,đoàn trung_hiếu vãi loinmm,4,1,OFFENSIVE,0,0,2,0.9878,0.0075,0.0046,0.9878
Dư Luận Viên là gì ?? Mấy thằng này là ai ? Họ là ngưởi bảo vệ chất độc hã ???,dư_luận_viên là gì mấy thằng này là ai họ là ngưởi bảo_vệ chất_độc hã,14,0,CLEAN,2,2,2,0.9863,0.0099,0.0038,0.9863
D' Đức d hiểu nhìn cái hình là cừ ỉa,d đức_d hiểu nhìn cái hình là cừ ỉa,9,0,CLEAN,1,1,1,0.9906,0.006,0.9906,0.0034
Cho chết cái tội cà khịa Việt Nam🤣,cho chết cái tội cà_khịa việt_nam,6,0,CLEAN,1,1,1,0.9415,0.0348,0.9415,0.0236
Giàu thường hay quên cách ăn mặc á :)),giàu thường hay quên cách ăn_mặc á,7,1,OFFENSIVE,0,0,0,0.914,0.914,0.0813,0.0047
"cái này có trách nó cũng chả đc, có phải cái j dính đén Tàu là chửi đâu, rõ ràng nó chặn nc từ bên địa phận nc nó, bh nó xả ra ai cấm đc nó nào, vs lại cứ làm như nó xả là để lũ cho mình, cái này do địa hình thì chịu thôi",cái này có trách nó cũng chả được có phải cái gì dính đén tàu là chửi đâu rõ_ràng nó chặn nc từ bên địa_phận nc nó bh nó xả ra ai cấm được nó nào vs lại cứ làm như nó xả là để lũ cho mình cái này do địa_hình thì chịu thôi,55,0,CLEAN,2,2,2,0.5552,0.0778,0.367,0.5552
Đem đưa lên cơ sơ xo thẩm quyền THP bốc phân mà ăn :),đem đưa lên cơ_sơ_xo thẩm_quyền thp bốc phân mà ăn,10,2,HATE,0,0,0,0.5497,0.5497,0.2455,0.2048
xạo thặc,xạo thặc,2,0,CLEAN,1,1,1,0.8453,0.0044,0.8453,0.1503
Iu cô gái khơ me hàm răng trắng tác cái l** đen thui 🙏🙏,yêu cô gái khơ me hàm_răng trắng_tác cái l đen thôi,11,2,HATE,1,1,1,0.9278,0.0147,0.9278,0.0576
Hoang mang😱,hoang_mang,1,1,OFFENSIVE,0,0,0,0.9942,0.9942,0.0039,0.0018
Cầu mong linh hon e dc siêu thoát va cung mong luat phap cua viet nam cung nhu đảng csvn hay khoan hồng cho bác chay xe xích lo vi cs miu sinh ng lao dong cung ko ai muon nhu vay ah,cầu mong linh_hon em được siêu_thoát va cung_mong luat phap cua viet nam_cung nhu_đảng csvn hay khoan_hồng cho bác chay xe xích lo_vi có miu_sinh ng lao dong_cung không ai muon nhu vay à,34,0,CLEAN,2,1,2,0.7057,0.2843,0.01,0.7057
PHÚC TOÀN bạn là người có ăn có học hãy làm chuyện có ít cho xã hội những người có bệnh tâm thần đáng thương lắm bạn,phu c toa n ba n_la ngươ i co_ăn co_ho c ha y_la mày chuyê_n co i tao cho xa hô i như ng ngươ i co_bê nh tâm_thâ n đa ng_thương lă mày ba n,36,0,CLEAN,2,2,2,0.9717,0.024,0.0042,0.9717
"nó ko cộng điểm, mà nó cho thí sinh rớt bớt thôi, có bà chị gặp vụ này r :)))) thi điểm cao vẫn rớt nhé",nó không cộng_điểm mà nó cho thí_sinh rớt bớt thôi có bà chị gặp vụ này rồi thi_điểm cao vẫn rớt nhé,22,1,OFFENSIVE,0,2,0,0.9928,0.9928,0.0029,0.0044
Biết là Nhật cũng có người này người kia nhưng chú bao nhiêu tuổi rồi mà hành động ấu trĩ như thế 😖😖😖,biết là nhật cũng có người này người kia nhưng chú bao_nhiêu tuổi rồi mà hành_động ấu_trĩ như thế,19,2,HATE,0,0,0,0.8828,0.8828,0.0108,0.1064
"Ông thầy dạy Mac-Le của tui phán ""Mĩ cũng không phải dân chủ, chỉ có 2 đảng tranh cử, tất cả đều xếp đặt trước cả rồi """,ông thầy dạy mac_le của tui phán_mĩ cũng không phải dân_chủ chỉ có 2 đảng tranh_cử tất_cả đều xếp_đặt trước cả rồi,22,0,CLEAN,2,2,2,0.9696,0.0259,0.0045,0.9696
Đéo làm ngơ là tự ngã vào dùi cui ngay 😢😢😢,đe o_la mày ngơ_la tư_nga va_o du_i cui ngay,9,1,OFFENSIVE,0,2,0,0.9069,0.9069,0.0478,0.0452
Táng chết cha tụi mày lũ học trò l :)),táng chết cha tụi mày lũ học_trò l,8,0,CLEAN,2,2,2,0.9904,0.0048,0.0048,0.9904
Đi làm osin mà xạo lol ghê,đi làm osin mà xạo lol ghê,7,2,HATE,1,1,1,0.9924,0.0031,0.9924,0.0045
"nhìn mặt Admin thấy ghét, không ưa! :D :D :D",nhìn mặt admin thấy ghét không ưa d d d,10,0,CLEAN,2,2,2,0.9651,0.0211,0.0138,0.9651
Chơi ngu thì chịu v 😂,chơi ngu thì chịu vậy,5,0,CLEAN,1,1,1,0.9859,0.0091,0.9859,0.005
Nhanh chậm cái con mẹ chúng mày =))),nhanh châ mày ca i con me chu_ng ma_y,9,1,OFFENSIVE,2,2,2,0.9824,0.0073,0.0103,0.9824
chịchhhhh,chịch,1,0,CLEAN,1,1,1,0.9919,0.0036,0.9919,0.0045
wibu rách,wibu rách,2,2,HATE,0,0,1,0.953,0.0416,0.953,0.0053
"Ngày xưa, khi giấy vệ sinh chưa phổ biến thì mỗi gia đình đều thấm nhuần tư tưởng đảng mỗi ngày. Ngày nay, khi giấy vệ sinh quá phổ biến, nhiều mẫu mã, giá cả phải chăng, mềm mại chất lượng hơn hẳn thì đại đa số dân chúng trở nên lệch lạc tư tưởng chính trị",ngày_xưa khi giấy vệ_sinh chưa phổ_biến thì mỗi gia_đình đều thấm_nhuần tư_tưởng đảng mỗi ngày ngày_nay khi giấy vệ_sinh quá phổ_biến nhiều mẫu_mã giá_cả phải_chăng mềm_mại chất_lượng hơn hẳn thì đại_đa_số dân_chúng trở_nên lệch_lạc tư_tưởng chính_trị,36,2,HATE,0,0,0,0.6876,0.6876,0.2711,0.0413
quá xấu hổ. đã nghèo dốt lại khệnh khạng,quá xấu_hổ đã nghèo dốt lại khệnh khạng,8,1,OFFENSIVE,0,0,0,0.9079,0.9079,0.0858,0.0063
"Mày nhìn lại mày đi, đăng clip đell đc 5 like, à phải rồi, bởi vậy mới bươi móc kiếm đàn bà để bình luận kiểu ganh tỵ 😂😂",mày nhìn lại mày đi đăng_clip đell được 5 like à phải rồi bởi_vậy mới bươi móc kiếm đàn_bà để bình_luận kiểu ganh tỵ,24,2,HATE,0,0,0,0.7223,0.7223,0.1918,0.0859
Lê Luân đừng so sánh lương. Mà hãy so sánh quyền lực và lợi ích. Làm cty tư nhân là người lao động không có quyền lực . Còn làm nhà nước là con cháu các quan chức có quyền lực và nắm trong tay nguồn lực của địa phương vả quốc gia. Vì vậy một người hưởng lương do công sức lao động của mình và một người hưởng lợi ích từ toàn bộ dân địa phương hoặc quốc gia gom lại thì tiền của ai nhiều hơn????,lê luân_đừng so_sánh lương mà hãy so_sánh quyền_lực và lợi_ích làm cty tư_nhân là người lao_động không có quyền_lực còn làm nhà_nước là con_cháu các quan_chức có quyền_lực và nắm trong tay nguồn_lực của địa_phương_vả quốc_gia vì_vậy một người hưởng lương do công_sức_lao_động của mình và một người hưởng lợi_ích từ toàn_bộ dân địa_phương hoặc quốc_gia gom lại thì tiền của ai nhiều hơn,64,1,OFFENSIVE,2,2,2,0.5423,0.2471,0.2106,0.5423
Tôi sin tuyên thệ .. trong nhiệm kỳ của mình sẽ cố gắng vơ vét đục khoét tàn phá đất nước này ko cho thằng sau lên ăn được gì nữa,tôi sin tuyên_thệ trong nhiệm_kỳ của mình sẽ cố_gắng vơ vét đục_khoét tàn_phá đất_nước này không cho thằng sau lên ăn được gì nữa,24,1,OFFENSIVE,0,2,2,0.9409,0.0267,0.0324,0.9409
"Các ông có làm công ăn lương k?hay hàng tháng cứ đều đặn có thêm nguồn thu nhập khác từ việc nhận hối lộ ,quà biếu?",các ông có làm_công_ăn lương không hay hàng tháng cứ đều_đặn có thêm nguồn thu_nhập khác từ việc nhận hối_lộ quà biếu,22,1,OFFENSIVE,0,0,0,0.9872,0.9872,0.0046,0.0082
"Vãi l Bùi thắng, uh thì chú cứ nói nữa đi :) cãi chi cho mệt",vãi l bùi_thắng uh thì chú cứ nói nữa đi cãi_chi cho mệt,13,2,HATE,1,1,0,0.5583,0.5583,0.4281,0.0136
"Xin lỗi các bác nhé , lụt ở chỗ nào chứ ở tp có xây bờ kè cao ngất có lũ vào mắt, chỉ tội cho dân vùng hạ lưu thôi",xin_lỗi các bác nhé_lụt ở chỗ nào chứ ở tp có xây bờ kè cao_ngất có lũ vào mắt chỉ_tội cho dân vùng hạ_lưu thôi,25,0,CLEAN,2,2,2,0.9193,0.0659,0.0148,0.9193
Có những đứa còn chửi kinh hơn cả page này nữa 😒 vkl xúc phạm tôn giáo còn cãi cố,có những đứa còn chửi_kinh hơn cả page này nữa vkl xúc_phạm tôn_giáo còn cãi_cố,15,0,CLEAN,2,2,2,0.9897,0.0059,0.0044,0.9897
Cuộc sống này khốn nạn hơn mình tưởng,cuộc_sống này khốn_nạn hơn mình tưởng,6,0,CLEAN,1,1,1,0.9847,0.0102,0.9847,0.0051
"Hoàng Văn nếu là nhà tài trợ thưởng thì ko mất thuế,nhưng sợ ko biết có tới tay mấy e đc ko nè",hoàng_văn nếu là nhà_tài_trợ thưởng thì không mất thuế nhưng sợ không biết có tới tay mấy em được không nè,21,2,HATE,0,0,0,0.9965,0.9965,0.0014,0.0021
"Tôi vẫn chưa hiểu, tại sao Saigon, một thành phố ""Ngụy"" đói khổ, bị bọn Mỹ ""Ngụy"" đàn áp, bóc lột, cần chế độ CS ta giải phóng, cứu đói, mà lại nộp ngân sách nhiều thế ! (bằng 55 tỉnh thành khác).",tôi vẫn chưa hiểu tại_sao saigon một thành_phố ngụy đói_khổ bị bọn mỹ_ngụy đàn_áp bóc_lột cần chế_độ có ta giải_phóng cứu đói mà_lại nộp ngân_sách nhiều thế bằng 55 tỉnh_thành khác,31,1,OFFENSIVE,2,2,2,0.9704,0.0242,0.0053,0.9704
Đéo hiểu page này lập nên nhầm mục đích gì :)))))))))))))),đéo hiểu page này lập nên nhầm mục_đích gì,9,0,CLEAN,2,2,1,0.7082,0.1625,0.7082,0.1292
Chào thầy ba girl😌nứng vcl,chào thầy ba girl nứng vãi,6,2,HATE,1,1,1,0.9905,0.0065,0.9905,0.003
Nguyễn Phương Linh sống thật đéo gì,nguyễn_phương_linh sống thật đéo gì,5,2,HATE,1,1,1,0.6673,0.1872,0.6673,0.1455
trời,trời,1,1,OFFENSIVE,0,0,0,0.9943,0.9943,0.0033,0.0024
Giờ m mới sáng mắt ra và tai đã nghe đc rùi phải k,giờ mày mới sáng_mắt ra và tai đã nghe được rồi phải không,13,2,HATE,0,0,0,0.9937,0.9937,0.0019,0.0044
Ờ face dành cho con người k dành cho thú vật ok,ờ face dành cho con_người không dành cho thú_vật đồng_ý,10,1,OFFENSIVE,0,0,0,0.9173,0.9173,0.0614,0.0213
Cho liếm hậu m*n cái abe :)),cho liếm hậu_mày n cái abe,6,0,CLEAN,2,1,2,0.9787,0.0059,0.0154,0.9787
Nguyễn Đăng Khoa thg học trò l này :))),nguyễn đăng_khoa thg học_trò l này,6,2,HATE,0,0,0,0.9351,0.9351,0.0196,0.0453
Truyền thông nó cứ nói thổi phồng giá trị của TPP thôi chứ VN đang tham gia hàng chục cái hiệp định tương tự này mà có cái mẹ gì thay đổi đâu,truyền_thông nó cứ nói thổi_phồng giá_trị của tpp thôi chứ vn đang tham_gia hàng chục cái hiệp_định tương_tự này mà có cái mẹ gì thay_đổi đâu,26,0,CLEAN,2,2,1,0.6518,0.291,0.6518,0.0572
Huy Phạm vl bạn :)) khịa vl,huy_phạm vãi bạn khịa vãi,5,0,CLEAN,1,1,1,0.9897,0.0062,0.9897,0.0041
già mà non :)),già mà non,3,0,CLEAN,1,1,1,0.9862,0.0083,0.9862,0.0055
học putin chỉnh đồng hồ à?,học putin_chỉnh đồng_hồ à,4,1,OFFENSIVE,0,0,0,0.9962,0.9962,0.0019,0.0019
Ở Mỹ  sao người  vn don bây  ác  quá,ở mỹ_sao người vn don bây_ác quá,7,2,HATE,0,0,0,0.9521,0.9521,0.0056,0.0423
Nguyễn Ngọc Sơn dm chac may lam pr cho cai page nay chac,nguyễn_ngọc sơn_dm chac may lam_pr cho cai_page nay chac,9,1,OFFENSIVE,0,0,0,0.486,0.486,0.0384,0.4756
Già đầu mà non quá :)))),già đầu mà non quá,5,0,CLEAN,2,2,2,0.989,0.0063,0.0047,0.989
"Thôi nó dở dang thế rồi, giờ cố gắng vay mượn để làm hoàn thành cho dân đi lại đỡ khổ chứ biết làm thế nào. Sáng ra đi từ Hà Đông lên Ngã tư Sở mất tiếng thấy đến nhục!",thôi nó dở_dang thế rồi giờ cố_gắng vay_mượn để làm hoàn_thành cho dân đi_lại đỡ khổ chứ biết làm thế_nào sáng ra đi từ hà đông lên ngã tư sở mất tiếng thấy đến nhục,35,0,CLEAN,1,1,1,0.8788,0.111,0.8788,0.0102
Mỹ Châu nhìn bếck vđ,mỹ_châu nhìn bếck vđ,4,1,OFFENSIVE,0,0,0,0.9585,0.9585,0.0229,0.0186
Nhỏ Meo cái đà mất dạy dài hạn thì làm gì. Thời cơ tới rồi 🤣🤣,nhỏ meo cái đà mất dạy dài_hạn thì làm gì thời_cơ tới rồi,13,0,CLEAN,1,1,2,0.9865,0.0089,0.0046,0.9865
Phản động là gì vậy? Auto đéo động não à,phản_động là gì vậy auto đéo_động não à,8,2,HATE,1,1,1,0.9612,0.0026,0.9612,0.0362
Danh hiệu nói xạo k ai xứng đáng hơn ngoài trần dần,danh_hiệu nói xạo không ai xứng_đáng hơn ngoài trần dần,10,0,CLEAN,2,2,2,0.9879,0.0071,0.005,0.9879
Bede,bede,1,0,CLEAN,2,1,1,0.976,0.0071,0.976,0.0169
"Úi  trời. Tiên tri Trần  dần  HÙI  xưa CHẮC  ở  gần  kho đạn  long bình  hôn ma nỗ  dữ  QUÁ  vậy dẫu sao cũng cảm  ơn vũ hoang Lânđã  mời VÀ  phỏng vấn  trần  dần,hài  ui quá!.tĩnh cả  ngủ uôn.hoàng  lân khôn bo MẸ. Toàn  khích cho dân6nỗ  chi mọi  người  vui kkk",u i trơ i tiên_tri trâ n dâ n hu i xưa chă c ơ_gâ n kho đa_n long bi_nh hôn_ma nô_dư qua vâ_y dâ_u sao cu ng ca mày ơn vu_hoang lânđa mơ i va_pho ng vâ n trâ n dâ n ha i ui qua ti_nh ca ngu uôn hoa_ng lân khôn_bo me toa_n khi ch cho dân6nô chi_mo i ngươ i vui không,66,0,CLEAN,2,2,2,0.9569,0.0356,0.0075,0.9569
chug nao bon quan chuc cs bj lat do thj vn moi co tuong lai,chug nao bon_quan chuc có bj lat do thj vn moi co_tuong lai,13,2,HATE,0,0,0,0.9933,0.9933,0.0022,0.0045
Thà từ chức còn hơn làm một con rối!,thà từ_chức còn hơn làm một con rối,8,0,CLEAN,2,2,1,0.7988,0.1103,0.7988,0.0909
Vải lờ thầy😂😂😂,vải lờ thầy,3,0,CLEAN,2,2,2,0.9901,0.0057,0.0042,0.9901
Cho những ai chưa biết quần què là gì.? :))),cho những_ai chưa biết quần_què là gì,7,0,CLEAN,1,1,1,0.9832,0.0123,0.9832,0.0045
Nhìn tội vl =))),nhìn tội vãi,3,0,CLEAN,1,1,1,0.9903,0.0065,0.9903,0.0032
20-10 vui vẻ con bóng sadec:)),20 10 vui_vẻ con bóng sadec,6,1,OFFENSIVE,0,0,0,0.9914,0.9914,0.0024,0.0062
"Golden Golden Bao tuổi rồi mà phát biểu chán thế hả bạn . Người ta người Việt , không về Việt Nam thì phải sang Trung Quốc mới đúng à . Họ bỏ tiền ra đi máy bay riêng để không ảnh hưởng người khác , mà khi về đến nhà vẫn bị mấy người như bạn kỳ thị chử",golden golden bao tuổi rồi mà phát_biểu chán thế hả bạn người ta người việt không về việt_nam thì phải sang trung_quốc mới đúng à họ bỏ tiền ra đi máy_bay riêng để không ảnh_hưởng người khác mà khi về đến nhà vẫn bị mấy người như bạn kỳ_thị chử,50,0,CLEAN,2,2,2,0.9667,0.0283,0.005,0.9667
Arlios Trinh kinh tởm,arlios trinh_kinh tởm,3,0,CLEAN,1,1,1,0.9732,0.0046,0.9732,0.0221
Cô mina dễ thương hơn ml của thầy 😀,cô mina dễ_thương hơn ml của thầy,7,2,HATE,0,0,0,0.9966,0.9966,0.0014,0.002
Huyền Khánh Phùng nếu e không tiện thì tôi sẽ book vé vào Hà Nội làm người yêu em ??? Và tối nay chúng ta sẽ địt,huyền_khánh phùng nếu em không tiện thì tôi sẽ book vé vào hà_nội làm người_yêu em và tối nay chúng_ta sẽ địt,22,1,OFFENSIVE,0,0,0,0.9964,0.9964,0.0019,0.0018
"Tran Dan, ong co binh thuong khong vay ong?, ong nen di gap bac si de tri binh hoang tuong nhe ong, chuc ong khoe va bot di su hoang tuong.",tran dan_ong co_binh thuong không vay ong ong nen di_gap bac si_de tri_binh hoang_tuong nhe ong chuc_ong khoe va bot di_su hoang_tuong,22,2,HATE,0,0,0,0.9952,0.9952,0.0016,0.0031
Mình đang tìm một con bò đặc điểm nhận dạng nó kêu cực kì thuyết phục nha có hậu tạ :;),mình đang tìm một con bò đặc_điểm nhận_dạng nó kêu cực_kì thuyết_phục_nha có_hậu tạ,14,1,OFFENSIVE,2,2,2,0.9909,0.0053,0.0039,0.9909
Hải Đăng t gọi tường gió oánh bỏ mịa bây giờ :((,hải_đăng tao gọi tường gió oánh bỏ mịa bây_giờ,9,0,CLEAN,2,1,1,0.9824,0.0051,0.9824,0.0125
"Vâng! Xin giới thiệu vs các bạn, đây là ông Cao Thất Đức!",vâng xin giới_thiệu vs các bạn đây là ông cao thất_đức,11,2,HATE,0,0,0,0.9961,0.9961,0.0013,0.0026
Ôi cát mẹt của bả,ôi cát mẹt của bả,5,1,OFFENSIVE,0,0,0,0.9911,0.9911,0.0041,0.0048
Long công tử dạo này có hay đi đá phò TDH nữa k vậy 😂😂😂,long công_tử dạo này có hay đi đá phò tdh nữa không vậy,13,0,CLEAN,2,2,2,0.5253,0.4586,0.0161,0.5253
"Thưa Đảng và Nhà Nước, nếu bỏ tù chung thân được bọn cố ý giấu bệnh và tránh cách ly thì cứ làm! Dân xin cảm ơn nhiều lắm ạ!",thưa đảng và nhà_nước nếu bỏ tù chung_thân được bọn cố_ý giấu bệnh và tránh cách_ly thì cứ làm dân xin cảm_ơn nhiều lắm ạ,25,0,CLEAN,2,2,2,0.8759,0.1142,0.0099,0.8759
Phan Hoài Nhân thế này chắc đéo bán dc hàng đâu,phan_hoài_nhân thế_này chắc đéo bán được hàng đâu,8,0,CLEAN,1,1,1,0.8938,0.0671,0.8938,0.0391
"Cho nghỉ là may, hóa ra mục đích nói ra là ko cho nghĩ à🤣",cho nghỉ là may hóa ra mục_đích nói ra là không cho nghĩ à,14,0,CLEAN,2,2,1,0.9583,0.0306,0.9583,0.0111
Như 2 giọt nước luôn thầy ơi. Trinh giọt nước suối còn thầy giọt nước cống thầy ạ =))),như 2 giọt nước luôn thầy ơi trinh_giọt nước suối còn thầy giọt nước cống thầy ạ,17,0,CLEAN,2,2,2,0.9294,0.0529,0.0178,0.9294
Anh vừa nói cc gì vậy Abe :D??,anh vừa nói cc gì vậy abe d,8,0,CLEAN,2,1,2,0.99,0.0061,0.004,0.99
Cái mỏ của nó cho khẩu súng vào bấm nút cái bùm,cái mỏ của nó cho khẩu súng vào bấm nút cái bùm,12,2,HATE,1,1,0,0.8937,0.8937,0.0486,0.0577
Sáng nào kao cũng thức lúc 4h sàng hết mài thằng assmin xăm xí đú...khỏi nhắc mài...hơ hơ hơ...,sáng nào kao cũng thức lúc 4 h_sàng hết mài thằng assmin xăm_xí đú khỏi nhắc mài hơ hơ hơ,20,0,CLEAN,1,1,2,0.9208,0.0666,0.0125,0.9208
nha tien tran dan.noi dung tuy co ung bien__nuoc my cong bo nguoi nhiem benh buoi sang bao nhieu ca.buoi chua la tran dan doan dung chinh sac 99% ..,nha tien tran dan noi_dung tuy co ung_bien nuoc my cong bo nguoi nhiem benh buoi sang bao nhieu ca buoi chua_la tran dan doan_dung chinh_sac 99,27,0,CLEAN,2,2,2,0.9552,0.0352,0.0096,0.9552
chú nói cả dân tộc việt nam cùng đồng lòng nhưng nhung thì không,chú nói cả dân_tộc việt_nam cùng đồng_lòng nhưng nhung thì không,11,2,HATE,0,0,0,0.9964,0.9964,0.0013,0.0022
"đầu còn lắc được là chưa kẹt nha, mấy anh nói khi nào không nhúc nhích được mới là Kẹc",đầu còn lắc được là chưa kẹt nha mấy anh nói khi nào không nhúc_nhích được mới là kẹc,19,1,OFFENSIVE,0,0,0,0.986,0.986,0.0045,0.0096
"1 quốc gia không có đường để ĐI, SỐ BOT thật chóng mặt",1 quốc_gia không có đường để đi số bot thật chóng_mặt,11,2,HATE,1,0,0,0.9721,0.9721,0.0078,0.02
"tran dan Tien Tri Gi, Chi An Tuc, Noi Leo - Ông Ta Da Co Ten Dau Tien Trong Danh Sách & Dang Cho Doi (Truong Mam Non Nghĩa Dia Tuyen Sinh Khoa Moi)",tran dan tien_tri gi chi_an tuc noi leo ông ta da co_ten dau tien trong danh_sách dang cho doi_truong mam non_nghĩa dia_tuyen sinh_khoa moi,24,0,CLEAN,2,2,2,0.9569,0.0345,0.0086,0.9569
Thất vọng về xã hội này khi mà sáng mở mắt ra thấy:,thất_vọng về xã_hội này khi mà sáng mở_mắt ra thấy,10,2,HATE,0,0,0,0.6399,0.6399,0.258,0.1021
nhin cai mac hok bt la trông hay mai ma sao lôn va nô wa z troi,nhin cai_mac không bình_thường la_trông hay mai_ma sao lôn va_nô quá vậy troi,13,1,OFFENSIVE,0,0,2,0.9896,0.0066,0.0038,0.9896
"NO RECORDING, FILMING, PHOTO TAKING mà nó ghi là TALKING. Cấm nói luôn à.",no recording filming photo taking mà nó ghi là talking cấm nói luôn à,14,1,OFFENSIVE,0,0,0,0.9948,0.9948,0.0032,0.002
Vũ Thanh Huyền thấy cmt của bạn này nghe mùi ích kỉ tính vào nói vài câu mà thấy các bác nói nhiều quá thôi em xin rút hí hí,vũ_thanh_huyền thấy comment của bạn này nghe mùi_ích kỉ_tính vào nói vài câu mà thấy các bác nói nhiều quá thôi em xin rút hí hí,26,2,HATE,0,0,0,0.9963,0.9963,0.0014,0.0022
Wtf,wtf,1,1,OFFENSIVE,0,0,0,0.9954,0.9954,0.0027,0.0019
Nhạc bắt tay vai lon,nhạc bắt_tay vai lon,4,0,CLEAN,1,1,1,0.9917,0.0042,0.9917,0.0041
Thằng hùng vs bà  4 Nha đụ nín thở nhe a tuân.,thằng hùng vs bà 4 nha đụ nín thở nhe anh tuân,12,1,OFFENSIVE,2,2,2,0.9802,0.0145,0.0053,0.9802
Ngửi cho tỉnh đi 3 Gòa,ngửi cho tỉnh đi 3 gòa,6,2,HATE,0,0,0,0.9961,0.9961,0.0016,0.0023
"mịa sao ko cởi giày, sắn quần lên đi vô rồi mang giày vô có sao đâu, Kiểu cách CS !!!",mịa sao không cởi giày sắn quần lên đi vô rồi mang giày vô có sao đâu kiểu cách có,20,2,HATE,0,0,0,0.9957,0.9957,0.0018,0.0025
Nó đéo vi phạm gì. Chửi gato với voz à?,nó đéo vi_phạm gì chửi ghen ăn_tức ở với voz à,11,0,CLEAN,1,1,1,0.6201,0.0247,0.6201,0.3552
Làm ng tốt mà còn bị tù :)))),làm ng tốt mà_còn bị tù,6,0,CLEAN,1,1,1,0.9917,0.0043,0.9917,0.004
"từ thời VNCH đã cho xây rồi, nhưng dang dở thì tới 1975, sau đó người ta lo chuyện xóa bỏ chế độ cũ hơn là nhìn tương lai xa rộng nên mấy công trình đó bị hủy hoại hết rồi. ý tôi muốn nói là đừng chơi cái kiểu "" mất mùa là tại thiên tai, được mùa là bởi thiên tài đảng ta""",từ thời vnch đã cho xây rồi nhưng dang_dở thì tới 1975 sau đó người ta lo chuyện xóa bỏ chế_độ cũ hơn là nhìn tương_lai xa rộng nên mấy công_trình đó bị hủy_hoại hết rồi ý tôi muốn nói là đừng chơi cái kiểu mất_mùa là tại thiên_tai được_mùa là bởi thiên_tài_đảng ta,54,0,CLEAN,2,2,2,0.9735,0.0185,0.008,0.9735
Ong Tran Dan lam Tong Thong Viet Nam cho dan nga ngua dfo. Mot la gia 2...... Gia roi de cho lop tre no len nam quyen dNG  CHUNG NO DU NHAN TAI VE GIUP DO XAY D7UNG  vIET nAM.,ong tran dan lam_tong thong_viet nam cho dan nga ngua dfo mot la_gia 2 gia_roi de cho lop tre no len_nam quyen dng chung no du_nhan_tai ve_giup do xay d7ung viet nam,32,0,CLEAN,2,2,2,0.9899,0.0063,0.0038,0.9899
Bảo vệ thì ăn chia rồi. Còn lãnh đạo trường thì đang cố giấu!,bảo_vệ thì ăn_chia rồi còn lãnh_đạo trường thì đang cố giấu,11,2,HATE,0,0,0,0.9943,0.9943,0.0019,0.0038
tuyên giáo mà cha :v,tuyên_giáo mà cha vậy,4,0,CLEAN,2,1,2,0.9901,0.0057,0.0042,0.9901
"Làm chủ tịch thành phố dễ vậy sao, chắc các cháu tiểu học cũng làm được",làm chủ_tịch thành_phố dễ vậy sao chắc các cháu tiểu_học cũng làm được,13,2,HATE,0,0,0,0.9929,0.9929,0.0023,0.0048
Bạn bè mờ ý thức khác hẳn nhau nhỉ =)),bạn_bè mờ ý_thức khác hẳn nhau nhỉ,7,0,CLEAN,1,1,2,0.9816,0.012,0.0065,0.9816
Võ Xuân Hoan điên hả m,võ xuân hoan_điên hả mày,5,1,OFFENSIVE,0,0,0,0.7181,0.7181,0.02,0.2619
Tặng hoa cho thèn bạn lol :))),tặng hoa cho thèn bạn lol,6,0,CLEAN,2,1,2,0.9892,0.0064,0.0044,0.9892
Chọc và chửi một người bị thần kinh là ác đức lắm đấy hãy ngừng gây tội ác!!!,cho c va_chư i mô tao ngươ i bi_thâ n kinh_la anh c đư c lă mày đâ y ha y_ngư_ng gây tô i anh c,26,2,HATE,0,0,0,0.9777,0.9777,0.0049,0.0174
"thì biểu tượng giống nhưng ý nghĩa của mỗi nơi nó khác, khi xài ở hq là hoa, xài ở vn là lol má ơi",thì biểu_tượng giống nhưng ý_nghĩa của mỗi nơi nó khác khi xài ở hq là hoa_xài ở vn là lol má ơi,22,0,CLEAN,2,1,2,0.9217,0.0106,0.0676,0.9217
Chị Nhung ơiii.... Chị Nhung xem hậu quả của chị Nhung gây ra cho đất nước kìa... Chị Nhung còn bị stesss nữa không ta...??? 🙂🙂🙂,chị nhung ơii chị nhung xem hậu_quả của chị nhung gây ra cho đất_nước kìa chị nhung còn bị stes nữa không ta,23,0,CLEAN,2,2,2,0.987,0.0094,0.0036,0.987
Sau đợt này về mở 1 chuỗi cửa hàng bánh tráng đc rồi chúc mừng anh 😏,sau đợt này về mở 1 chuỗi cửa_hàng bánh_tráng được rồi chúc_mừng anh,13,2,HATE,0,0,0,0.9962,0.9962,0.0016,0.0022
Đm nhắn tin ủng hộ thì chịuuuuu =)))),đm nhắn_tin ủng_hộ thì chịuu,5,0,CLEAN,1,2,1,0.9903,0.0063,0.9903,0.0034
từ ngày bác Thanh ra đi đà nẵng loạn xì ngầu còn hơn cái bồn cầu giật nước,từ ngày bác thanh ra đi đà_nẵng loạn xì_ngầu còn hơn cái bồn cầu giật nước,16,0,CLEAN,2,1,2,0.9411,0.0498,0.0091,0.9411
"Boxit nữa, đừng quên bùn đỏ",boxit nữa đừng quên bùn đỏ,6,1,OFFENSIVE,0,0,0,0.9958,0.9958,0.0018,0.0024
Anh em yếu sly ib,anh_em yếu sly ib,4,1,OFFENSIVE,0,0,0,0.9965,0.9965,0.0014,0.0021
virus corona tuổi lìn :))),virus corona tuổi lìn,4,1,OFFENSIVE,0,0,0,0.9844,0.9844,0.008,0.0076
Tại sao những đứa như này lại tồn tại trong khi những người tốt thì lại bị tan nạn & mất mạng vì lũ lụt mà méo do thiên tai gây ra nhể ???,tại_sao những đứa như này lại tồn_tại trong khi những người tốt thì lại bị tan nạn mất_mạng vì lũ_lụt mà méo do thiên_tai gây ra nhể,27,1,OFFENSIVE,2,2,2,0.9793,0.0143,0.0064,0.9793
Like và cm tụi nó ăn được hay sao mà ham hố vậy trời. Lũ điên,like và cm tụi nó ăn được hay sao mà ham hố vậy trời lũ điên,16,1,OFFENSIVE,0,2,2,0.9905,0.0048,0.0047,0.9905
And DLV come in 3...2...,and dlv come in 3 2,6,2,HATE,0,0,0,0.9966,0.9966,0.0013,0.0022
Yêu đương đ gì tầm này em còn phải đi cà khịa đã 😒,yêu đương đ gì tầm này em còn phải đi cà_khịa đã,12,1,OFFENSIVE,0,0,0,0.9567,0.9567,0.0405,0.0028
Đm crush :),đm crush,2,2,HATE,1,1,1,0.9913,0.0051,0.9913,0.0035
Đừng bao h so sánh abe với sela bởi vì abe tuổi lol mà so đc,đừng bao_giờ so_sánh abe với sela bởi_vì abe tuổi lol mà so được,13,2,HATE,1,1,1,0.8079,0.1585,0.8079,0.0336
"Quá tốt,vậy là cả thế giới noi gương theo Mỹ có biện pháp chế tài đối với cá nhân,tổ chức,nhà nước vi phạm nhân quyền, Mỹ, Canada,Úc,Nhật và các nước khối EU phối hợp về chống vi phạm nhân quyền như thế thì mới có hiệu quả,mấy thằng đàn áp nhân quyền hết đường chạy,chẳng lẽ nó chạy qua mấy nước nghèo đói lạc hậu như Châu Phi hay mấy nước nhược tiểu ở Châu Á",quá tốt vậy là cả thế_giới noi_gương theo mỹ có biện_pháp chế_tài đối_với cá_nhân tổ_chức nhà_nước vi_phạm nhân_quyền mỹ_canada úc_nhật và các nước khối eu phối_hợp về chống vi_phạm nhân_quyền như_thế thì mới có hiệu_quả mấy thằng đàn_áp nhân_quyền hết đường chạy chẳng_lẽ nó chạy qua mấy nước nghèo_đói lạc_hậu như châu_phi hay mấy nước nhược_tiểu ở châu_á,58,0,CLEAN,2,2,2,0.9753,0.0209,0.0038,0.9753
Con bóng sadec =]],con bóng sadec,3,0,CLEAN,2,2,2,0.9906,0.0048,0.0045,0.9906
Sao không đền bằng rau muống?,sao không đền bằng rau_muống,5,1,OFFENSIVE,0,0,0,0.9953,0.9953,0.0023,0.0025
Yen than muon ma muon luot qua zao than.dung la het thuoc chua,yen than muon ma muon luot qua zao than_dung la_het thuoc chua,12,1,OFFENSIVE,0,0,0,0.995,0.995,0.0026,0.0024
Tuấn Mạnh :))) Nhật nổi tiếng biến thái mà,tuấn mạnh_nhật nổi_tiếng biến_thái mà,5,2,HATE,0,1,0,0.6859,0.6859,0.0277,0.2864
Đén lức vỡ nợ,đén lức vỡ nợ,4,0,CLEAN,1,1,1,0.9313,0.0649,0.9313,0.0038
Ba chui ma co thag con ngoi ke ben hoc hoi,ba chui_ma co_thag con ngoi ke_ben hoc_hoi,7,0,CLEAN,2,2,2,0.9247,0.0624,0.0129,0.9247
Con ho ly tinh nay o tha thu duoc,con ho ly_tinh nay o tha_thu được,7,2,HATE,0,0,0,0.9702,0.9702,0.0085,0.0213
Đhs cứ mặc định nghĩ là nội bài là tđn nào nhỉ? Qatar thì nó cũng có sân bay mà từ qatar về hà nội phải transit qua bangkok nhé :))). Sân bay nào cũng có trộm cả thôi :))),đhs cứ mặc_định nghĩ là nội_bài là tđn nào nhỉ qatar thì nó cũng có sân_bay mà từ qatar về hà_nội phải transit qua bangkok nhé sân_bay nào cũng có trộm cả thôi,33,2,HATE,0,0,0,0.7844,0.7844,0.035,0.1806
Mấy bài trước hợp tác với kicm còn hay chứ vô nghe bài mới như hạch vậy,mấy bài trước hợp_tác với kicm còn hay chứ vô nghe bài mới như hạch vậy,16,2,HATE,0,0,0,0.9462,0.9462,0.0483,0.0055
Chấp gì thằng thiểu năng đó Trần Ngọc Giàu ơi,chấp gì thằng thiểu_năng đó trần_ngọc giàu ơi,8,1,OFFENSIVE,0,2,2,0.9897,0.0067,0.0036,0.9897
Uiss cùi vl :)) lương mấy chục ngìn đồng còn đc ăn pizza loại kẹo dẻo đây :)),uiss cùi vãi lương mấy chục ngìn đồng còn được ăn pizza loại kẹo dẻo đây,16,1,OFFENSIVE,0,0,0,0.9948,0.9948,0.0032,0.0021
Len tp chi vay ma cai mui cong vong,len tp chi vay ma cai_mui cong_vong,7,0,CLEAN,2,2,2,0.9772,0.0137,0.0091,0.9772
Biết vậy bắn chết ông này trước cho ông hỏi tiên chi để khỏi có corona 👾,biết vậy bắn chết ông này trước cho ông hỏi tiên_chi để khỏi có corona,15,2,HATE,0,0,0,0.901,0.901,0.0047,0.0944
Hương Thảo vkl,hương_thảo vkl,2,2,HATE,0,0,0,0.9932,0.9932,0.0038,0.003
Quan chức lương thì cũng như ta thôi. Nhưng ng nào ng nấy khi lên làm quan toàn nhà lầu xe hơi. Lạ.,quan_chức lương thì cũng như ta thôi nhưng ng nào ng_nấy khi lên làm quan_toàn nhà_lầu xe_hơi lạ,18,2,HATE,1,1,1,0.956,0.0365,0.956,0.0076
Phò người ta có làm gì bọn bây ko ? Hàng ngày có những đứa hiếp dâm cướp tiền bọn bây sao im lặng vậy.,phò người ta có làm gì bọn bây không hàng ngày có những đứa hiếp_dâm cướp tiền bọn bây_sao im_lặng vậy,21,0,CLEAN,2,2,2,0.9895,0.0063,0.0042,0.9895
Lồn ba rọi,lồn ba rọi,3,1,OFFENSIVE,2,2,2,0.9562,0.0044,0.0394,0.9562
Chữi nhiều quá tắt thở bây giờ,chữi nhiều quá tắt_thở bây_giờ,5,1,OFFENSIVE,0,0,0,0.9959,0.9959,0.0016,0.0025
"Phạm Văn Đồng Ngta về nước thì có gì sai hả bạn trong khi họ cũng có ý thức và thực hiện tự cách ly, VN còn đón công dân từ các nước đang bùng dịch về mà bạn nch kiểu hơi ích kỉ đấy :)) Nước mình vốn nhân ái nên b đừng suy nghĩ như vậy nha",phạm văn_đồng ngta về nước thì có gì sai hả bạn trong khi họ cũng có ý_thức và thực_hiện tự cách_ly vn còn đón công_dân từ các nước đang bùng_dịch về mà bạn nói_chung kiểu hơi_ích_kỉ đấy nước mình vốn nhân_ái nên b đừng suy_nghĩ như_vậy nha,47,0,CLEAN,2,2,2,0.8595,0.1316,0.0089,0.8595
Nó có lây qua đường máu đéo đâu,nó có lây qua đường_máu đéo đâu,7,0,CLEAN,2,1,1,0.9857,0.0111,0.9857,0.0033
"Khī Pacpo hôm nay đi bảo , ngày mai bán dâm nuôi đảng",kh pacpo hôm_nay đi bảo ngày_mai bán_dâm nuôi đảng,9,2,HATE,0,0,1,0.7741,0.0176,0.7741,0.2083
Cho ra những tấm ảnh đầy tính ấu dâm,cho ra những tấm ảnh đầy tính ấu_dâm,8,1,OFFENSIVE,0,0,0,0.9753,0.9753,0.02,0.0047
Hèn gì chúng nó chỉ dám nói là ko có liên quan. Cái địt mẹ mấy thằng lớn,hèn gì chúng_nó chỉ dám nói là không có liên_quan cái địt mẹ mấy thằng lớn,16,1,OFFENSIVE,2,2,2,0.9903,0.0054,0.0043,0.9903
"Đây là clip cũ bạn ơi, chứ lúc này bạn ấy không dám chửi như vậy nữa, nhưng phải nói...Linh cá lóc này bản chất nói năng hàm hồ, mất dạy, vơ đũa cả nắm, trùm lập...không biết thế nào là lẽ phải. Chắc bây giờ bạn ấy đã sáng mắt, dù có chút muộn màng.",đây là clip cũ bạn ơi chứ lúc này bạn ấy không dám chửi như_vậy nữa nhưng phải nói_linh cá_lóc này bản_chất nói_năng hàm_hồ mất dạy_vơ đũa cả nắm trùm lập không biết thế_nào là lẽ phải chắc bây_giờ bạn ấy đã sáng_mắt dù có chút muộn_màng,47,0,CLEAN,2,2,2,0.9896,0.0067,0.0037,0.9896
Sao đi so sánh ngừoi dân như chó vậy Admin..coi vậy có đc ko?,sao đi so_sánh ngừoi dân như chó vậy admin coi vậy có được không,14,0,CLEAN,2,2,2,0.9853,0.009,0.0058,0.9853
"Độc lập, tự do, hạnh phúc hơn 40 năm rồi mà vẫn phải ngửa tay xin tiền tư bản a. Sao đảng ta tài tình thế ... ;-)",độc_lập tự_do hạnh_phúc hơn 40 năm rồi mà vẫn phải ngửa_tay xin tiền tư_bản anh sao đảng ta tài_tình_thế,19,2,HATE,0,0,0,0.4461,0.4461,0.2241,0.3298
"nó ra cái luật trưng dụng lấy đồ của dân mà ko có quyền đòi,chó đẻ thiệt",nó ra cái luật trưng_dụng lấy đồ của dân mà không có quyền đòi chó đẻ thiệt,17,1,OFFENSIVE,2,2,2,0.7265,0.01,0.2635,0.7265
Chỉ có óc chó mới nghe giặc tàu,chỉ có óc chó mới nghe giặc tàu,8,1,OFFENSIVE,2,2,2,0.9906,0.0051,0.0043,0.9906
Rank Việt Nam mà yasuo tt6 tt5 thì del phải người Việt Nam r,rank việt_nam mà yasuo tt6 tt5 thì del phải người việt_nam rồi,12,1,OFFENSIVE,0,0,0,0.9964,0.9964,0.0014,0.0022
Tu Kim Khoa im cmm đi🤫🤫,tu kim_khoa im_cmm đi,4,2,HATE,0,0,1,0.9886,0.005,0.9886,0.0064
"Con bong sao lo ve my cho 1,ooo mot nguoi do thui",con bong sao lo ve_my cho 1 oo mot nguoi do thôi,12,0,CLEAN,2,2,2,0.975,0.0143,0.0107,0.975
Nát bét bè bẹt 🤣,nát bét bè bẹt,4,0,CLEAN,1,1,1,0.9918,0.0042,0.9918,0.004
Xạo có tiếng :)) haha,xạo có tiếng vui,4,0,CLEAN,1,1,1,0.9914,0.0027,0.9914,0.0059
Trung nút vàng bá dơ,trung_nút vàng bá_dơ,3,2,HATE,0,0,0,0.9884,0.9884,0.0049,0.0067
Lại một vụ ăn chia đéo công bằng :))),lại một vụ ăn_chia đéo công_bằng,6,0,CLEAN,2,1,1,0.9891,0.0071,0.9891,0.0038
ジェイ ホープ nói hay thì làm diêu tút bơ kiếm tiền. ở đây nghĩ ra cho hay lên chém gió rầm rầm ko ra tiền lấp đầy cái bụng kêu đâu ku.,nói hay thì làm diêu tút bơ kiếm tiền ở đây nghĩ ra cho_hay lên chém gió rầm_rầm không ra tiền lấp đầy cái bụng kêu đâu ku,28,0,CLEAN,2,1,1,0.8874,0.1036,0.8874,0.009
Nguyễn Minh Thu chếtluondi,nguyễn_minh_thu chếtluondi,2,2,HATE,0,0,0,0.9952,0.9952,0.0025,0.0023
Đụma chất vãi lòn há há há,đụma chất vãi lòn há há há,7,1,OFFENSIVE,0,0,0,0.9328,0.9328,0.0635,0.0038
Trường Ronaldo con dân có tiền nó khác dân thường,trường ronaldo con dân có tiền nó khác dân_thường,9,0,CLEAN,2,2,2,0.9883,0.007,0.0046,0.9883
"Dân phát hiện cục cứt lạ sắp ra, báo cáo câpm trên, cấp trên bảo chờ kinh phí mới dc ỉa",dân phát_hiện cục cứt lạ sắp ra báo_cáo câpm trên cấp trên bảo chờ kinh_phí mới được ỉa,18,0,CLEAN,2,2,1,0.9793,0.0042,0.9793,0.0166
best xạo lol ý,best xạo lol_ý,3,1,OFFENSIVE,2,2,2,0.9895,0.0043,0.0062,0.9895
Rồi sao mày làm đc củ c gì ... hay viết đọc cho hay?,rồi sao mày làm được củ c gì hay viết đọc cho_hay,12,2,HATE,0,0,0,0.9906,0.9906,0.0049,0.0045
đíu tin được luôn =)))))))),đíu tin được luôn,4,0,CLEAN,1,1,1,0.9924,0.0038,0.9924,0.0037
bán linh hồn và não cho quỷ r thất vọng làm j =)),bán linh_hồn và não cho quỷ rồi thất_vọng làm gì,10,1,OFFENSIVE,2,2,2,0.7518,0.0077,0.2405,0.7518
"Bên Anh có vụ racist nữa, anh du học sinh Singapore bị nhóm hãm lon thượng đẳng đánh cho bờm đầu. Với cả chị này ý thức hơn hẳn chị Nhung, tôi thấy chị này chả có lỗi gì cả, quay về VN chữa trị vì rõ ràng VN đang thể hiện rất tốt phòng chống dịch",bên anh có vụ racist nữa anh du_học_sinh singapore bị nhóm hãm lon thượng_đẳng đánh cho bờm_đầu với cả chị này ý_thức hơn hẳn chị nhung tôi thấy chị này chả có lỗi gì cả quay về vn chữa_trị_vì rõ_ràng vn đang thể_hiện rất tốt phòng_chống dịch,47,0,CLEAN,2,2,2,0.9854,0.0113,0.0033,0.9854
Bài nào cũng cmt nhưng vẫn đ đc fan cứng 🤦‍♀️,bài nào cũng comment nhưng vẫn đ được fan cứng,10,1,OFFENSIVE,0,0,0,0.9965,0.9965,0.0017,0.0018
Trương Xuân Yến Huỳnh Nguyễn Mỹ Phương Lê Thanh Phong Dang Nguyen Van Võ Thanh Bình hết đi đơm nha mấy con đỗ nghèo khỉ :)))),trương xuân yến huỳnh_nguyễn_mỹ_phương lê_thanh phong_dang nguyen van võ_thanh bình hết đi đơm_nha mấy con đỗ nghèo khỉ,18,0,CLEAN,2,2,2,0.9896,0.0069,0.0035,0.9896
"Giàu thì nói cứt cũng thành cơm,nói gì chả đúng",giàu thì nói cứt cũng thành cơm nói gì chả đúng,11,2,HATE,1,1,1,0.9782,0.0183,0.9782,0.0035
"có thể là ai lây cho Nhung thì mình k biết nhưng do N khai báo gian dối nên N ms bị cả nước chửi thôi , nếu ngay từ đầu khai luôn từ ổ dịch bên Ý về thì cả cái chuyến bay ý đã được cách li hết chứ k để tình hình ra như bây giờ",có_thể là ai lây cho nhung thì mình không biết nhưng do n khai_báo gian_dối nên n mới bị cả nước chửi thôi nếu ngay từ đầu khai luôn từ ổ dịch bên ý về thì cả cái chuyến bay_ý đã được cách li hết chứ không để tình_hình ra như bây_giờ,52,0,CLEAN,2,2,2,0.577,0.3945,0.0285,0.577
Trường học thì có cái quỹ xây dựng trường trong khi trường xây tiền thuế của nhân dân trẻ em đi học từ lớp 1 đến lớp 12 có cái quỹ này,trường_học thì có cái quỹ xây_dựng trường trong khi trường xây tiền thuế của nhân_dân trẻ_em đi học từ lớp 1 đến lớp 12 có cái quỹ này,28,0,CLEAN,2,1,1,0.5522,0.2856,0.5522,0.1621
Hot link em gái ngon ngọt nước cho ae nè,hot link em_gái ngon ngọt nước cho ae nè,9,1,OFFENSIVE,0,0,0,0.9895,0.9895,0.0081,0.0024
Phò thì sao ?,phò thì sao,3,0,CLEAN,2,1,1,0.7611,0.0191,0.7611,0.2197
Nhịn tham nhũng sẽ có lợi hơn cho các lãnh đạo Việt Nam .,nhịn tham_nhũng sẽ có lợi hơn cho các lãnh_đạo việt_nam,10,0,CLEAN,2,2,2,0.985,0.0111,0.0039,0.985
"Thiên đường xã hội chủ nghĩa là cái từ chẳng bao giờ đc nhắc đến trong bất kỳ 1 sách vở, nghị quyết, văn kiện nào của đảng. Mà toàn là từ các nhóm chống cộng mà ra",thiên_đường xã_hội_chủ_nghĩa_là cái từ chẳng bao_giờ được nhắc đến trong bất_kỳ 1 sách_vở nghị_quyết văn_kiện nào của đảng mà toàn là từ các nhóm chống cộng mà ra,28,0,CLEAN,2,1,2,0.96,0.0271,0.0128,0.96
nghe mắc i* quá abeeee,nghe mắc i quá abee,5,1,OFFENSIVE,2,0,0,0.8574,0.8574,0.1142,0.0284
Khánh Con Sao Ko lấy số người chết của Ý ra nhỉ. Ý cũng là châu Âu đó. Hi sinh người chết vừa làm tăng miễn dịch cộng đồng vừa cho đỡ chật đất. Cách làm của Tây hay thật ta ơi 😌,khánh con sao không lấy số người chết của ý ra nhỉ_ý cũng là châu_âu đó hi_sinh người chết vừa làm tăng miễn_dịch cộng_đồng vừa cho đỡ chật đất cách làm của tây hay thật ta ơi,37,2,HATE,0,0,0,0.9722,0.9722,0.0069,0.0208
trong ảnh nhìn đẹp trai mà sao trong clip nhìn hãm loll vậy a,trong ảnh nhìn đẹp_trai mà sao trong clip nhìn hãm loll vậy anh,13,2,HATE,0,0,0,0.9845,0.9845,0.0114,0.004
Lee Sin lol mẹ giáo án kiểm soát của thầy Tú,lee sin lol mẹ giáo_án kiểm_soát của thầy tú,9,0,CLEAN,1,2,1,0.9761,0.0031,0.9761,0.0207
Lần sau bắt gặp chụp thành quả + chủ vũng nước đái = ghép lại. Up nó lên gr cty cho đội quần luôn 😃,lần sau bắt_gặp chụp thành_quả chủ vũng nước đái_ghép lại up nó lên gr cty cho đội quần luôn,19,2,HATE,0,0,0,0.9927,0.9927,0.0035,0.0039
"Loạn rồi, loạn thật rồi ông giáo ạ :))",loạn rồi loạn thật rồi ông giáo ạ,8,1,OFFENSIVE,0,0,0,0.9861,0.9861,0.0041,0.0097
lol,lol,1,0,CLEAN,1,1,1,0.9916,0.0032,0.9916,0.0052
"Luạt này trước đây ngầm, giờ hợp thức hóa. Đã hợp thức hóa thì quá tốt, chả có chuyện dân phòng đi bắt bớ nữa",luạt này trước_đây ngầm giờ hợp_thức hóa đã hợp_thức hóa thì quá tốt_chả có chuyện dân_phòng đi bắt_bớ nữa,19,0,CLEAN,2,2,2,0.9471,0.0353,0.0177,0.9471
"Bùi Thịnh qua bên trang comcom mà xem ! mà giờ bọn chúng xóa cả rồi ,làm tuyên giáo thì phải biết nói xuôi lẫn nói ngược bạn à !",bùi_thịnh qua bên trang comcom mà xem mà giờ bọn chúng xóa cả rồi làm tuyên_giáo thì phải_biết nói xuôi_lẫn nói ngược bạn à,24,0,CLEAN,2,2,2,0.9876,0.0089,0.0035,0.9876
Chị ơi có rãnh không chị chửi con mẹ 65 bớt những lo đi.,chị ơi có rãnh không chị chửi con mẹ 65 bớt những lo đi,14,0,CLEAN,2,2,2,0.9849,0.0103,0.0048,0.9849
"Đang nói về vấn đề nước nôi ở sông cửu long, bạn dong tran có đọc hết cm k vậy?",đang nói về vấn_đề nước_nôi ở sông cửu long bạn dong_tran có đọc hết cm không vậy,17,0,CLEAN,1,2,2,0.975,0.0156,0.0094,0.975
dnn thay ba nhieu hok tro` tot vc :L)),dnn thay ba nhieu không tro tot vc l,9,0,CLEAN,1,1,1,0.4988,0.1772,0.4988,0.324
Máy khứa có tiền đi nước ngoài đem bệnh về phát tháy gơi cmn,máy khứa có tiền đi nước_ngoài đem bệnh về phát tháy gơi cmn,13,0,CLEAN,1,1,2,0.8337,0.009,0.1574,0.8337
vơ vét mùa dịch tởm nhỉ,vơ vét mùa dịch tởm nhỉ,6,0,CLEAN,1,1,1,0.7541,0.0044,0.7541,0.2415
"to su ong CAn, deu co ong CAn nao tot. ong CAn tot chi thay trog phim. sao ko co ng nao di cung chu",to_su ong can_deu co_ong can_nao tot ong can_tot chi thay trog phim sao không co_ng nao di_cung chu,18,2,HATE,0,0,0,0.9854,0.9854,0.0084,0.0062
"Hay học pha thuốc nổ, qua bển du lịch đánh sập đập nhề?!",hay học pha thuốc_nổ qua bển du_lịch đánh sập đập nhề,11,2,HATE,1,0,0,0.8268,0.8268,0.1351,0.0381
Bú mạnh,bú mạnh,2,0,CLEAN,1,1,1,0.9901,0.0047,0.9901,0.0052
Sáng mắt chưa Nhung :),sáng_mắt chưa nhung,3,2,HATE,0,0,0,0.991,0.991,0.0046,0.0045
Biệt tài trả lời xong chẳng biết trần dần nói gì. Vũ Hoàng Lân thiếu người để kiếm viu đi phỏng vấn người điên.,biệt_tài trả_lời xong chẳng biết trần dần nói gì vũ_hoàng_lân thiếu người để kiếm viu đi phỏng_vấn người điên,19,2,HATE,0,0,0,0.9939,0.9939,0.0027,0.0034
abe ochco =))),abe ochco,2,2,HATE,0,0,0,0.9898,0.9898,0.0068,0.0035
Người có 500tr giúp cái người k có 500tr 😂 đm,người có 500 tr giúp cái người không có 500 tr đm,12,0,CLEAN,1,1,1,0.9904,0.0049,0.9904,0.0047
"ông khác với các vị tù khác ở chỗ là ông chẳng khổ như họ ở tù, quan chức ở tù cũng sướng.. có trà bưng nước rót, ở phòng riêng, người nhà vô chơi thoải mái..",ông khác với các vị tù khác ở chỗ là ông chẳng khổ như họ ở tù quan_chức ở tù cũng sướng có trà bưng nước rót ở phòng riêng người_nhà vô_chơi thoải_mái,33,1,OFFENSIVE,2,2,2,0.9501,0.0428,0.0072,0.9501
Đừng bao h so sánh abe với sela bởi vì abe tuổi lol mà so đc,đừng bao_giờ so_sánh abe với sela bởi_vì abe tuổi lol mà so được,13,2,HATE,1,1,1,0.8079,0.1585,0.8079,0.0336
"Khổ, làm ăn bố láo bị tẩy chay thì có mấy thành phần bợ đít chạy theo: ""người Việt dùng hàng Việt là yêu nước"", ""DN Việt đóng ngàn tỷ tiền thuế bị dập"".",khổ làm_ăn bố_láo bị tẩy_chay thì có mấy thành_phần_bợ đít chạy theo người việt dùng hàng việt là yêu nước dn việt đóng ngàn tỷ tiền thuế bị dập,29,1,OFFENSIVE,2,2,2,0.9887,0.0072,0.004,0.9887
Lúc hoạn nạn mới bt ai bạn ai thù nhưng mấy bn 3/// ăn cứt Mĩ nhiều quá đ nhận ra rồi :)))),lúc hoạn_nạn mới bình_thường ai bạn ai_thù nhưng mấy bao_nhiêu 3 ăn cứt_mĩ nhiều quá đ nhận ra rồi,19,2,HATE,0,0,1,0.9533,0.0237,0.9533,0.023
Tại c t chân thật quá k quỷ ma giống m,tại c tao chân_thật quá không quỷ ma giống mày,10,2,HATE,0,0,0,0.9949,0.9949,0.0015,0.0036
"Tiêu Chảy Cấp e đồng ý với ý kiến của bác,cmt của e bên kia cũng có vài thanh niên tay nhanh hơn não,vào một cái là trách móc nhà nc thế này thế kia ngay đc,thử hỏi k có nhà nc một ngày thôi xem chúng nó có còn ngồi yên mà bình tĩnh ấn phím k?với mấy thanh niên kiểu đấy tốt nhất cứ kệ cmc nó đi bác à,rồi xem chúng nó làm đc cái gì mà chúng nó trách nhà nc",tiêu_chảy cấp em đô_ng y_vơ i y_kiê n cu anh ba c comment cu anh_em bên kia cu_ng co_va i thanh_niên tay nhanh hơn na_o va_o mô tao ca i la_tra ch_mo c_nha nc thê_na_y thê_kia ngay được thư_ho i không co_nha nc mô tao nga y_thôi xem chu_ng no_co co_n ngô i yên_ma bi_nh ti_nh â n phi_mày không vơ i mâ_y thanh_niên kiê_u đâ y_tô tao nhâ tao_cư kê cmc no đi ba c anh rô i xem chu_ng no_la mày được ca i gi ma chu_ng no_tra ch nha nc,93,0,CLEAN,2,2,2,0.6606,0.3032,0.0362,0.6606
Quang Minh xạo lồn vừa phải 🤣🤣🤣,quang_minh xạo_lồn vừa_phải,3,0,CLEAN,2,2,2,0.9908,0.0047,0.0045,0.9908
Chán,chán,1,0,CLEAN,1,1,1,0.9612,0.0343,0.9612,0.0045
Chưởi bk chó là nó sắp tới số nữa con này khg bc loại nào ln,chưởi bk chó là nó sắp tới số nữa con này không bc loại nào ln,16,0,CLEAN,1,2,2,0.8823,0.0125,0.1053,0.8823
Nó chôn lò rồi thì ông cố nội lão trọng có sống dậy mà bắt cái thang cũng bó tay.,nó chôn_lò rồi thì ông cố nội_lão trọng có sống dậy mà bắt cái thang cũng bó_tay,17,2,HATE,1,0,0,0.9835,0.9835,0.003,0.0135
ý thức nd đã kém rồi nói gì đến mấy anh bụng phệ,ý_thức nd đã kém rồi nói_gì đến mấy anh bụng phệ,11,1,OFFENSIVE,2,0,2,0.9625,0.0281,0.0094,0.9625
"Long Nguyễn khs lợn, gà, bò, dê ăn đủ mà lại chừa chó :))) thương động vật thì nhịn ăn mẹ đi nhỉ.",long nguyễn_khs lợn gà bò dê ăn_đủ mà_lại chừa chó thương động_vật thì nhịn ăn mẹ đi nhỉ,18,0,CLEAN,2,2,1,0.5729,0.0148,0.5729,0.4122
"lấy về tế ông nội , tổ tiên đó mà :V",lấy về tế ông nội tổ_tiên đó mà vậy,9,1,OFFENSIVE,0,0,2,0.356,0.3532,0.2908,0.356
Hiền Vinh sao trong clip như thằng tâm thần vậy,hiền vinh_sao trong clip như thằng tâm_thần vậy,8,2,HATE,1,0,0,0.7396,0.7396,0.0247,0.2357
Bọn đức mặc quần áo lính băn tỉa thì sao ko thấy ai nói nhỉ,bọn đức_mặc quần_áo lính băn_tỉa thì sao không thấy ai nói nhỉ,12,0,CLEAN,2,2,2,0.99,0.0057,0.0043,0.99
Trung quốc thì nói mẹ Trung quốc đi bày đặt china chi nủng. Đang nói tiếng Việt hay tiếng anh,trung_quốc thì nói mẹ trung_quốc đi bày_đặt china chi_nủng đang nói tiếng việt hay tiếng anh,16,1,OFFENSIVE,0,2,0,0.951,0.951,0.0112,0.0378
Nhân danh fan cứng và theo kinh nghiệm 18năm ăn mì tôm thì đây là mì giả .vì mì thật thì làm đéo gì có tôm . độ mixi tiêu thụ hàng giả t báo Công an,nhân_danh fan cứng và theo kinh_nghiệm 18 năm ăn mì tôm thì đây là mì giả vì mì thật thì làm đéo gì có tôm_độ mixi tiêu_thụ hàng giả tao báo công_an,32,0,CLEAN,2,2,1,0.6853,0.3033,0.6853,0.0114
Bánh bèo cái l.ồ.n như cái bánh xèo. Má cười ĩa á.,bánh_bèo cái l ồ_n như cái bánh_xèo má cười ĩa_á,10,0,CLEAN,1,1,2,0.6202,0.0224,0.3574,0.6202
Cứ như thế này thì duyệt mẹ đi cho nhanh 😀,cứ như thế_này thì duyệt mẹ đi cho nhanh,9,0,CLEAN,1,1,1,0.9903,0.0062,0.9903,0.0035
dnn thay ba nhieu hok tro` tot vc :L)),dnn thay ba nhieu không tro tot vc l,9,0,CLEAN,1,1,1,0.4988,0.1772,0.4988,0.324
hết mie nó rừng vàng biển bạc rồi.,hết mie nó rừng vàng biển bạc rồi,8,1,OFFENSIVE,0,0,0,0.9956,0.9956,0.0021,0.0023
Không phải tụi nó sợ mà tụi nó thù dai. Vì tụi nó là lũ sức sinh.,không pha i tu i no sơ_ma tu i no thu dai_vi_tu i no_la lu_sư c_sinh,16,2,HATE,0,0,1,0.5323,0.4127,0.5323,0.055
Edg cmnr,edg cmnr,2,0,CLEAN,1,1,1,0.9734,0.0224,0.9734,0.0042
muon tan 1 phat vao mat,muon tan 1 phat vao mat,6,1,OFFENSIVE,0,0,0,0.995,0.995,0.0028,0.0022
Im ngay đi cái thằng suốt ngày chỉ đc cái nói đúng,im ngay đi cái thằng suốt ngày chỉ được cái nói đúng,12,0,CLEAN,1,1,2,0.9896,0.0054,0.0049,0.9896
"Nói đạo nhái mà đến giờ vẫn đéo lòi ra một đơn kiện. Chỉ có các tHiên tÀi âM nHạC các bạn phán đạo thôi, lmao.",nói đạo_nhái mà đến giờ vẫn đéo lòi ra một đơn kiện chỉ có các thiên_tài_âm_nhạc các bạn phán_đạo thôi lmao,21,1,OFFENSIVE,2,2,2,0.7867,0.0391,0.1742,0.7867
Má 🙂 Kiều Oanh Nguyễn Thị,má kiều_oanh nguyễn_thị,3,1,OFFENSIVE,0,0,0,0.9951,0.9951,0.0022,0.0027
Cđ châu md quá tr r🤣🤣,cđ châu_md quá tr rồi,5,2,HATE,0,0,1,0.8958,0.0833,0.8958,0.0208
Thầy làm như vậy là chết cdm tụi em ròi,thầy làm như_vậy là chết cdm tụi em rồi,9,0,CLEAN,1,2,2,0.9202,0.046,0.0338,0.9202
hỏg hết cả tai r -))) :),hỏg hết cả tai rồi,5,0,CLEAN,1,1,1,0.867,0.1251,0.867,0.0079
"Nhiều đứa thấy rãnh hơi lắm, làm đủ mọi cách rình rập nhà ngta xong kiểu nó đi ăn trộm mà làm con quan nên thường la làng, nhảy đỏng chứ ko rụt đầu như bọn dân đen. Nhà ngta nói chuyện mà nó cứ văng vẳng chen vào trong khi chả biết nó là ai? Ở đâu? Nói",nhiều đứa thấy rãnh_hơi lắm làm đủ mọi cách rình_rập nhà ngta xong kiểu nó đi ăn_trộm mà làm con quan nên thường la_làng nhảy_đỏng chứ không rụt_đầu như bọn dân đen nhà ngta nói_chuyện mà nó cứ văng_vẳng chen vào trong khi chả biết nó là ai ở đâu nói,51,0,CLEAN,2,2,2,0.9882,0.007,0.0048,0.9882
thằng cha nào đó sáng lên ti vi phỏng vấn danh nhân thời đại chiều là thấy nó vào khám rồi chuyện vn,thằng_cha nào đó sáng lên ti_vi_phỏng_vấn danh_nhân thời_đại chiều là thấy nó vào khám rồi chuyện vn,17,2,HATE,0,1,0,0.9741,0.9741,0.0204,0.0056
Đây là thất bại của CS chứ còn gì nữa,đây là thất_bại của có chứ còn gì nữa,9,2,HATE,0,0,0,0.995,0.995,0.0027,0.0023
ad có là con gái dống tui hem,admin có là con gái dống tui hem,8,0,CLEAN,2,2,2,0.9884,0.0078,0.0038,0.9884
"Đấu đá nhau khốc liệt,giã dối hơn cả XH Đen.vì có quyền điều khiển đc dư luận qua báo chí",đấu đá nhau khốc_liệt giã_dối hơn cả xh đen vì có quyền điều_khiển được dư_luận qua báo_chí,17,1,OFFENSIVE,2,2,2,0.7487,0.0952,0.1561,0.7487
Tây nó lại bảo mới trốn viện,tây nó lại bảo mới trốn_viện,6,1,OFFENSIVE,0,0,0,0.9961,0.9961,0.0014,0.0025
"lông dương lông là lông , dương là dương v.. Có nghĩa là lông cu",lông dương_lông là lông_dương là dương_vậy có nghĩa là lông cu,11,1,OFFENSIVE,0,0,0,0.9179,0.9179,0.0589,0.0232
Đậu má thầy ok chưa ?,đậu má thầy đồng_ý chưa,5,1,OFFENSIVE,0,0,0,0.9965,0.9965,0.0018,0.0017
Bạn trẻ ở trên là acc của ad hả :)) nó chửi ad chứ có chửi m đâu kệ mẹ chúg nó đi,bạn trẻ ở trên là acc của admin hả nó chửi_admin chứ có chửi mày đâu kệ mẹ chúg nó đi,21,1,OFFENSIVE,2,2,2,0.9867,0.0097,0.0035,0.9867
Ý thức đâu hết rồi,ý_thức đâu hết rồi,4,0,CLEAN,2,1,1,0.7207,0.2704,0.7207,0.0089
Cho cục gạch vào cái kính,cho cục gạch vào cái kính,6,1,OFFENSIVE,0,0,0,0.9912,0.9912,0.0033,0.0054
Chán😅😅,chán,1,0,CLEAN,1,1,1,0.9612,0.0343,0.9612,0.0045
Idol. Viết vậy là chết con đĩ mẹ người ta rồi,idol viết vậy là chết con đĩ mẹ người ta rồi,11,1,OFFENSIVE,2,2,2,0.9885,0.0058,0.0057,0.9885
Cực kỳ thuyết con mẹ nó phục,cực_kỳ_thuyết con mẹ nó phục,5,0,CLEAN,1,1,1,0.9926,0.0033,0.9926,0.0041
Bên ngoài là phát triển doanh nghiệp sản xuất ô tô trong nước nhưng bản chất thật sự là ..... Cướp tiền 1 cách công khai để đút vào túi mình.,bên ngoài là phát_triển doanh_nghiệp sản_xuất ô_tô trong nước nhưng bản_chất thật_sự là cướp tiền 1 cách công_khai để đút vào túi mình,23,2,HATE,1,1,1,0.9868,0.0084,0.9868,0.0047
Nói ra câu ngu bị mọi người chửi thêm cho,nói ra câu ngu bị mọi người chửi thêm cho,10,0,CLEAN,2,1,1,0.9826,0.0111,0.9826,0.0063
"Ừm thế đấy,chữ nhân dân hiện diện trên khắp danh xưng cơ quan chính phủ, nhưng dân chỉ như cọng cỏ cọng rác bên đường mà họ nhân danh.",ừm thế đấy chữ nhân_dân hiện_diện trên khắp danh_xưng cơ_quan chính_phủ nhưng dân chỉ như cọng cỏ cọng rác bên đường mà họ nhân_danh,24,0,CLEAN,2,2,2,0.96,0.0318,0.0081,0.96
"A đừng có giống chị Tịp đấy nhé, thông báo cách li tại nhà rồi đi quán uống cafe .☺️",anh đừng có giống chị tịp đấy nhé thông_báo cách_li tại nhà rồi đi quán uống cafe,17,2,HATE,0,0,0,0.9938,0.9938,0.0014,0.0047
"Lông ngông cuồng có chết cũng đâu có sao. Hay! Co Thương nghi quỹ vừa lùn  vừa trọc phỏng vấn là đúng rồi
XẠO KE",lông ngông_cuồng có chết cũng đâu có sao hay co_thương nghi_quỹ vừa lùn vừa trọc phỏng_vấn là đúng rồi xạo ke,21,2,HATE,0,0,0,0.6759,0.6759,0.0648,0.2593
Bat hết cái bọn gây hoang mang dư luận .,bat hết cái bọn gây hoang_mang dư_luận,7,0,CLEAN,2,2,2,0.9862,0.0064,0.0074,0.9862
nhà ai có người làm trong sân bay thì nhục phụ cái,nhà ai có người làm trong sân_bay thì nhục phụ cái,11,2,HATE,1,1,1,0.9873,0.0088,0.9873,0.0039
K phải khen chứ phim dỡ vkl,không phải khen chứ phim dỡ vkl,7,1,OFFENSIVE,0,0,0,0.9928,0.9928,0.005,0.0023
Cái a nào hi sinh xe máy cũng đáng. Giờ thì quy định mới mỗi xe phải có 4 bình cứu hoả loại to. Vl mấy bố đầu tôm,cái anh nào hi_sinh xe_máy cũng đáng giờ thì quy_định mới mỗi xe phải có 4 bình cứu hỏa loại to_vãi mấy bố đầu tôm,25,2,HATE,0,0,0,0.8593,0.8593,0.0984,0.0423
Tóc đẹp vai lon :)),tóc đẹp vai lon,4,1,OFFENSIVE,0,0,0,0.9928,0.9928,0.005,0.0022
vâng ơn đoảng ơn boác xd,vâng ơn đoảng_ơn boác xd,5,2,HATE,0,0,0,0.9798,0.9798,0.0036,0.0166
Dành cho lũ quan ngại,dành cho lũ quan_ngại,4,2,HATE,0,1,0,0.9736,0.9736,0.0054,0.021
Còn anh có công với ghpg đâu rồi.chắc lên cỏi niết bàn rồi thì phải???,còn anh có công với ghpg đâu rồi chắc lên cỏi niết bàn rồi thì phải,16,2,HATE,0,0,0,0.9938,0.9938,0.0016,0.0045
"Con lạy bố, tuyến này là của Posco Hàn Quốc, thằng TQ làm tuyến Cát Linh - Hà Đông",con lạy bố tuyến này là của posco hàn_quốc thằng tq làm tuyến cát linh_hà đông,16,0,CLEAN,2,2,2,0.9648,0.0314,0.0038,0.9648
Bài mai dù,bài mai dù,3,1,OFFENSIVE,0,0,0,0.9965,0.9965,0.0018,0.0017
Chac chan  Coronaviruswuhan qua di thi The Gioi se khong de yen  Trung Cong .,chac chan_coronaviruswuhan qua di_thi the gioi se không de yen trung_cong,11,2,HATE,0,0,0,0.9923,0.9923,0.003,0.0048
"Vũ Khắc Tiệp-kẻ chân dài, đầu ngắn?",vũ_khắc_tiệp kẻ chân dài đầu ngắn,6,2,HATE,0,0,0,0.9924,0.9924,0.0047,0.003
Lại Hợp Sâm clm đến v thì /ff,lại hợp sâm clm đến vậy thì ff,8,2,HATE,1,1,1,0.9918,0.005,0.9918,0.0032
Cái lồn má toàn danh hài thế này :v,cái lồn má toàn_danh hài thế_này vậy,7,0,CLEAN,1,1,1,0.9909,0.0052,0.9909,0.0038
"Bọn Anh này còn bị nhiều, với cái kiểu xem thường dịch bệnh này thì sắp rồi,bọn nó còn kì thị cả đeo khẩu trang mà, ng bệnh có triệu chứng thì khám qua loa",bọn anh này còn bị nhiều với cái kiểu xem_thường dịch_bệnh này thì sắp rồi bọn nó còn kì_thị cả đeo khẩu_trang mà ng bệnh có triệu_chứng thì khám qua_loa,30,0,CLEAN,2,2,2,0.96,0.034,0.0061,0.96
Hotgirl chỗ nào....nước hoa giả hàng face ko mà làm dữ,hotgirl chỗ nào nước_hoa giả hàng face không mà làm dữ,11,0,CLEAN,2,2,1,0.9065,0.0837,0.9065,0.0098
Thôi tụi nhật về nước dùm tao đi,thôi tụi nhật về nước dùm tao đi,8,2,HATE,0,0,0,0.9952,0.9952,0.0016,0.0031
Thế Vinh linh vật thờ là con quỷ dữ :Đ,thế vinh_linh_vật thờ là con quỷ dữ đ,8,0,CLEAN,2,2,2,0.9481,0.0435,0.0084,0.9481
Phim dở vl,phim dở_vãi,2,2,HATE,0,0,0,0.8422,0.8422,0.148,0.0098
Xạo l,xạo l,2,2,HATE,1,1,1,0.9913,0.0027,0.9913,0.006
Khổ thân a. Nhìn mặt a e thấy ngột ngạt r á,khổ thân anh nhìn mặt anh_em thấy ngột_ngạt rồi á,10,2,HATE,0,0,0,0.9837,0.9837,0.0035,0.0127
Nhảy ổn như mạng nhà t😕,nhảy ổn như mạng nhà tao,6,1,OFFENSIVE,0,0,0,0.9962,0.9962,0.0017,0.0021
Củ kỉ xấu xí để mầm chi,củ_kỉ xấu_xí để mầm chi,5,1,OFFENSIVE,0,0,0,0.9919,0.9919,0.0047,0.0034
dm áo vú =)),dm áo vú,3,0,CLEAN,1,1,1,0.9921,0.0031,0.9921,0.0048
có học thức chỉ tiếc văn hoá quá kém ...ý thức thua cả một con chó,có học_thức chỉ tiếc_văn_hóa quá kém ý_thức thua cả một con chó,12,1,OFFENSIVE,2,2,2,0.9893,0.0042,0.0064,0.9893
Thân Hoài Thương ơ lạ lol ghê. Ngta hay thì like mà t nghe k hay thì t dislike k đc à. Ảnh hưởng kinh tế gì nhà bạn k.,thân hoài_thương ơ lạ lol ghê_ngta hay thì like mà tao nghe không hay thì tao dislike không được à ảnh_hưởng kinh_tế gì nhà bạn không,26,2,HATE,0,0,0,0.5403,0.5403,0.3666,0.0932
Nguyễn Minh nhật bổn bệnh vl thế này á minh béo :)),nguyễn_minh_nhật bổn bệnh vãi thế_này á_minh béo,7,2,HATE,1,1,0,0.9583,0.9583,0.0338,0.0079
abe ochco =))),abe ochco,2,2,HATE,0,0,0,0.9898,0.9898,0.0068,0.0035
Em tự hào vì làm chó cho Mể,em tư ha o vi_la mày cho cho mê,9,1,OFFENSIVE,0,0,0,0.9959,0.9959,0.0018,0.0024
gã tâm thần.răng long râu rụng,gã tâm_thần răng long râu rụng,6,2,HATE,0,0,0,0.666,0.666,0.0123,0.3217
Me ba so 1,me ba so 1,4,0,CLEAN,2,2,2,0.6122,0.0631,0.3247,0.6122
t khép đít lạy m!,tao khép đít lạy mày,5,2,HATE,1,1,0,0.9907,0.9907,0.0047,0.0046
Mẹ. Mày ko phân biệt đâu là tài năng và phá hoại hả Gin Tama?? Chẳng lẻ mày giỏi hơn thằng khác là mày phải giết nó rôi mày lên làm chủ ak?? Còn gì là luật pháp hả mậy,mẹ mày không phân_biệt đâu là tài_năng và phá_hoại hả gin tama chẳng lẻ_mày giỏi hơn thằng khác là mày phải giết nó rôi mày lên làm chủ ak còn gì là luật_pháp hả mậy,35,0,CLEAN,2,2,2,0.9903,0.0059,0.0038,0.9903
Cai mieng hay la cai ong cong vay,cai_mieng hay la cai_ong cong vay,6,1,OFFENSIVE,2,0,0,0.8911,0.8911,0.0381,0.0708
og tran dan ok bi  nhiem coronna.ma bi nhiẻm beh khat la beh gi? og bi beh B 20 dan đen than kih ko on nen noi nhieu . vui,og tran dan đồng_ý bi_nhiem coronna ma bi_nhiẻm beh khat_la beh gi og bi_beh b 20 dan đen than kih không on nen noi nhieu vui,26,2,HATE,0,0,0,0.9929,0.9929,0.0035,0.0036
🙂🙂gửi mấy con bò,gửi mấy con bò,4,1,OFFENSIVE,2,2,2,0.9906,0.0051,0.0043,0.9906
"ông dần tôi hơi hột phép với ông ổng nói như hài chứ lũ bán nước ,nước đâu mà về ? về với nước bên kia thế giới ngàn thu thì được ???",ông dần tôi hơi hột_phép với ông ổng nói như hài chứ lũ bán nước nước đâu mà về về với nước bên kia thế_giới ngàn thu thì được,29,0,CLEAN,2,2,2,0.9786,0.0178,0.0035,0.9786
"báo cáo có thế lực thù địch nói xấu tổ chức, cần bao vây và vô hiệu hoá ngay ! hehe",báo_cáo có thế_lực thù_địch nói_xấu tổ_chức cần bao_vây và vô_hiệu hóa ngay hehe,13,0,CLEAN,2,1,2,0.7708,0.2074,0.0218,0.7708
Có đuỹ nào thả thính hôn,có đuỹ nào thả thính_hôn,5,1,OFFENSIVE,0,0,0,0.996,0.996,0.0018,0.0022
"m lảm nhảm cái đéo gì thế, sai lè còn cãi, ở Việt Nam! cái hay nhất nhà chối tội đổ lỗi thanh minh, từ thằng quan tới thằng dân, sai lè thế kia mà còn lái đi đâu đâu để cãi, chúng mày vác cái đth sương chúng m, còn dân Việt Nam! bên đó với nhưng ng sau này sẽ qua thì sao?",mày lảm nhảm cái đéo gì thế sai lè còn cãi ở việt_nam cái hay nhất nhà chối_tội đổ lỗi thanh_minh từ thằng quan tới thằng dân sai lè thế kia mà_còn lái đi đâu_đâu để cãi chúng_mày vác cái đth sương chúng_mày còn dân việt_nam bên đó với nhưng ng sau_này sẽ qua thì sao,56,1,OFFENSIVE,2,2,2,0.9904,0.0056,0.004,0.9904
"Đào đất đóng gạch đi,đông về khối đứa cần ủ ấm.",đào đất đóng gạch đi đông về khối đứa cần ủ ấm,12,1,OFFENSIVE,0,0,0,0.9961,0.9961,0.0018,0.0021
"Đang chuẩn bị họp, 1 ông người tàu bước vào phòng,,, búng tay cái ""póc"" 10 thằng tàu nhỏ vác 10 cái vali tiền vào phát cho 1 bộ trưởng 1 cái ... "" mấy lỉ ăn đi và im mồm dùm bọn ngộ"" !",đang chuẩn_bị họp 1 ông người tàu bước vào phòng búng tay cái póc 10 thằng tàu nhỏ_vác 10 cái vali tiền vào phát cho 1 bộ_trưởng 1 cái mấy lỉ ăn đi và im_mồm dùm bọn ngộ,38,0,CLEAN,2,2,2,0.9907,0.0054,0.0039,0.9907
Nó bị què ko làm thế đi kieu gi dc,nó bị què không làm thế đi kieu gi được,10,0,CLEAN,1,2,2,0.9214,0.0157,0.0629,0.9214
Duma.nhỏ cà chớn lớn cà khịa @@,duma nhỏ cà_chớn lớn cà_khịa,5,0,CLEAN,1,1,1,0.9881,0.0083,0.9881,0.0036
Trấn thành đẹp trai đụ hariwon,trấn thành đẹp_trai đụ hariwon,5,2,HATE,1,1,0,0.8631,0.8631,0.1289,0.008
ôi a dg nhai bcs rùi đấy,ôi anh đang nhai bcs rồi đấy,7,1,OFFENSIVE,0,0,0,0.9936,0.9936,0.0029,0.0036
"Mấy a dlv ""chúng mày đã làm j cho tổ quốc"" đâu rồi...??",mấy anh dlv chúng_mày đã làm_gì cho tổ_quốc đâu rồi,10,0,CLEAN,2,2,2,0.9679,0.0276,0.0045,0.9679
Nguyễn Văn Nhã be bé cái mồm thôi bọn châu chấu nó có thể xuất hiện bất cứ đâu nhé =)),nguyễn_văn_nhã be bé cái mồm thôi bọn châu_chấu nó có_thể xuất_hiện bất_cứ đâu nhé,14,0,CLEAN,2,2,2,0.53,0.4538,0.0162,0.53
Top1 ca sĩ nhưng k biết hát :)),top1 ca_sĩ nhưng không biết hát,6,1,OFFENSIVE,0,0,0,0.9958,0.9958,0.0018,0.0023
Đảng đã cho ta một mùa xuân đầy thất vọng!,đảng đã cho ta một mùa xuân đầy thất_vọng,9,2,HATE,0,0,0,0.9869,0.9869,0.0035,0.0096
Ngta đẹp và bán hàng có tiếng lâu năm .và đẹp hơn mặt chó,ngta đẹp và bán hàng có tiếng lâu năm và đẹp hơn mặt chó,14,0,CLEAN,1,1,1,0.9689,0.0052,0.9689,0.0258
Xạo xạo làm youtube kiếm tiền chứ liệu gì,xạo xạo làm youtube kiếm tiền chứ_liệu gì,8,0,CLEAN,1,2,1,0.9926,0.0031,0.9926,0.0043
Đúng ngay cái ngày chơi gặp bọn trẻ trâu phá game :v :v,đúng ngay cái ngày chơi gặp bọn trẻ trâu phá game vậy vậy,13,0,CLEAN,1,1,1,0.9097,0.0861,0.9097,0.0042
Hại não vồn tốn 2 phút của cuộc đời để đọc cái sờ ta tus này và 30s để viết cmt và tốn 2p30s để. Đọc lại cái cmt 🥺😊💐😆,hại não vồn tốn 2 phút của cuộc_đời để đọc cái sờ ta tus này và 30 s để viết comment và tốn 2 p30s để đọc lại cái comment,30,0,CLEAN,1,2,1,0.9819,0.0063,0.9819,0.0118
"từ dịch này thấy ý thức người nhật xăng đổ nửa bình, nhưng giấy vệ sinh không thể thiếu. không hy sinh bản thân để cứu người khác, nhưng dính dịch thì kéo nhiều người dính theo.",từ dịch này thấy ý_thức người nhật xăng đổ nửa_bình nhưng giấy vệ_sinh không_thể thiếu không hy_sinh bản_thân để cứu người khác nhưng dính dịch thì kéo nhiều người dính theo,31,2,HATE,0,0,0,0.9428,0.9428,0.0518,0.0053
"Hôm bữa xin lỗi, tôi nói con này khóc là nước mắt cá sấu thôi , nhung anh này giọng nói đâu phải người dân miền Bắc đâu , mà chửi Bắc này Bắc kia , xúc phạm đến vùng miền người ta .",hôm bữa xin_lỗi tôi nói con này khóc là nước_mắt cá_sấu thôi nhung anh này giọng nói đâu phải người_dân miền bắc đâu mà chửi bắc này bắc kia xúc_phạm đến vùng_miền người ta,34,0,CLEAN,2,2,2,0.9882,0.0081,0.0038,0.9882
T làm thế đâu... Thằng ad vớ vẩn :v,tao làm thế đâu thằng admin vớ vẩn vậy,9,0,CLEAN,1,2,2,0.9898,0.0063,0.0039,0.9898
Phò cũng có phò yêu nước chứ 😂,phò cũng có phò yêu nước chứ,7,0,CLEAN,1,2,2,0.9031,0.0194,0.0776,0.9031
thấy nên nhờ doinb dạy cho cái giáo án ngắm gái vs lựa gái cho học trof đi,thấy nên nhờ doinb dạy cho cái giáo_án ngắm gái vs lựa gái cho học trof đi,17,0,CLEAN,1,1,1,0.9498,0.0409,0.9498,0.0093
Mua sắt vụn về làm phương tiện chiến đấu! Đắng lòng,mua sắt vụn về làm phương_tiện chiến_đấu đắng lòng,9,1,OFFENSIVE,0,0,0,0.9903,0.9903,0.0068,0.0029
Quang Minh best xiaolin :v,quang_minh best xiaolin vậy,4,0,CLEAN,2,2,2,0.9494,0.0304,0.0202,0.9494
Ba nay mat dai khoe vang cuop chac hai cai tay no di an noi mat dai,ba nay mat_dai khoe vang cuop chac hai cai_tay no di_an noi mat dai,14,0,CLEAN,2,2,2,0.9895,0.0069,0.0036,0.9895
Tụi m hong học thầy bắn sml 🤣🤣,tụi mày không học thầy bắn sml,7,0,CLEAN,2,2,2,0.9883,0.008,0.0037,0.9883
Động cơ của các vị là gì?,động_cơ của các vị là gì,6,1,OFFENSIVE,0,0,0,0.996,0.996,0.0014,0.0026
Phạm Nguyễn Cát Vy cljv con,phạm nguyễn_cát vy cljv con,5,0,CLEAN,1,1,1,0.9245,0.0379,0.9245,0.0376
Covid-19 là cái gương chiếu yêu hay gì á :))) biết bao nhiêu bộ mặt ngu dốt lòi ra,covid 19 là cái gương chiếu yêu hay gì á biết_bao_nhiêu bộ_mặt ngu_dốt lòi ra,15,2,HATE,0,0,1,0.9601,0.0304,0.9601,0.0095
Đậu má thầy ok chưa ?,đậu má thầy đồng_ý chưa,5,2,HATE,0,0,0,0.9965,0.9965,0.0018,0.0017
"Chỉ 1/2 đất nước trong nội chiến vẫn & đã làm đc điều như này vào 60n trước....ôi!, tôi yêu mN của tôi biết nhường nào!",chỉ 1 2 đất_nước trong nội_chiến vẫn đã làm được điều như này vào 60 n trước ôi tôi yêu mọi người của tôi biết nhường nào,27,2,HATE,0,0,0,0.9942,0.9942,0.0022,0.0036
Phạm Văn Lộc vãi lol lộc,phạm_văn_lộc vãi lol lộc,4,2,HATE,1,1,1,0.9819,0.0111,0.9819,0.007
"Trâu bò chứ ko phải người mà. 🤔 Sức chịu đựng của dân thủ đô thật đáng ngưỡng mộ. Hàng ngày họ hít thủy ngân, bụi mịn ô nhiễm, uống nước thải qua đường ống làm bằng vật liệu phế thải trung quốc (ống nước bể mấy chục lần), ăn thực phẩm chứa chất độc hại",trâu_bò chứ không phải người mà sức chịu_đựng của dân thủ_đô thật đáng ngưỡng_mộ hàng ngày họ hít thủy ngân_bụi mịn ô_nhiễm uống nước_thải qua đường_ống làm bằng vật_liệu phế_thải trung_quốc ống nước bể mấy chục lần ăn thực_phẩm chứa chất độc_hại,42,1,OFFENSIVE,2,2,2,0.9727,0.0167,0.0106,0.9727
ngành CA tìm được người như vậy thật hiếm( vạn người chỉ có một) toàn tham nhũng và bắt lạt dân,ngành ca tìm được người như_vậy thật hiếm_vạn người chỉ có một toàn tham_nhũng và bắt lạt dân,18,0,CLEAN,1,1,2,0.4806,0.0681,0.4513,0.4806
"Thiều Thị Thanh Nga 🤭 thế mà cái kết ko có hậu cho hệ sinh thái j cả, ức chế vãi",thiều thị_thanh nga thế_mà cái kết không có_hậu cho hệ_sinh_thái gì cả ức_chế vãi,14,0,CLEAN,1,1,1,0.9733,0.0148,0.9733,0.0118
Quen lối sống hùa bầy đàng. Mỗi người Viet chúng ta trước khi làm việc gì hãy dùng cái đầu để suy nghĩ.,quen lối sống hùa_bầy đàng mỗi người viet chúng_ta trước khi làm_việc gì hãy dùng cái đầu để suy_nghĩ,19,2,HATE,0,0,0,0.8471,0.8471,0.0944,0.0584
cho nó tù đê,cho nó tù đê,4,0,CLEAN,1,1,1,0.9895,0.0031,0.9895,0.0074
Hội chứng tự hào bở ảo tưởng,hội_chứng tự_hào_bở ảo_tưởng,3,1,OFFENSIVE,0,0,0,0.935,0.935,0.0606,0.0045
giống lão gà mên teong là xì trum vl,giống lão gà mên teong là xì trum vãi,9,2,HATE,0,1,0,0.99,0.99,0.005,0.005
Khi bạn muốn bợ đít ai đó nhưng bạn không có não. Ngu như lợn nhưng vẫn làm báo Đảng đĩ.,khi bạn muốn_bợ đít ai đó nhưng bạn không có não_ngu như lợn nhưng vẫn làm báo đảng_đĩ,18,1,OFFENSIVE,2,2,2,0.9906,0.0054,0.0041,0.9906
"Đưa từ vụ bán độ lịch sử 4 cái tàu choán nước hơn nghìn tấn,ngắm bắn bằng radar,F5 thì đậu chật kín đà nẵng,hải quân hạng 6,không quân hạng 4 thế giới,hùng hổ ra trận bắn lẫn nhau rồi bị mấy cái tầu cởi chuồng từ ww2 hiếp dâm chết :v",đưa từ vụ bán_độ lịch_sử 4 cái tàu choán nước hơn nghìn tấn ngắm bắn bằng radar_f5 thì đậu chật kín đà_nẵng hải_quân hạng 6 không_quân hạng 4 thế_giới hùng_hổ ra trận bắn lẫn nhau rồi bị mấy cái tầu cởi chuồng từ ww2 hiếp_dâm chết vậy,47,0,CLEAN,2,2,2,0.9823,0.012,0.0057,0.9823
Tranh cho va bong sa ban gai cung kg gai trai chan ra trai hahahA,tranh cho va_bong sa_ban gai_cung không gai_trai chan ra trai hahaha,11,1,OFFENSIVE,0,0,0,0.9343,0.9343,0.0457,0.0201
Cám ơn đảng. Cám ơn nhà nc 😏,cám_ơn đảng cám_ơn nhà nc,5,2,HATE,0,0,0,0.9965,0.9965,0.0014,0.002
"Tôi không dùng bảo hiểm , bởi vì bác sĩ coi thường sức khỏe bệnh nhân dùng bảo hiểm !!!!!!",tôi không dùng bảo_hiểm bởi_vì bác_sĩ coi_thường sức khỏe bệnh_nhân dùng bảo_hiểm,12,2,HATE,0,0,0,0.996,0.996,0.0019,0.002
"Thực sự thì họ chỉ hơn chúng ta về ý thức thôi mà, thứ đã làm cho người Nhật trở nên vĩ đại. Ở VN mn bị ảo tưởng về 1 dân tộc vĩ đại là do dc thứ ánh sáng gì đó chiếu xuyên qua tim và là đất nước có những người ""ngoài hành tinh"" dùng tay ko quật ngã UH1, tắt động cơ máy bay ẩn trong mây, đút đầu vào lỗ châu mai,.. Chỉ có trên thiên đường mới có những vị thần như thế",thực_sự thì họ chỉ hơn chúng_ta về ý_thức thôi mà thứ đã làm cho người nhật trở_nên vĩ_đại ở vn mọi người bị ảo_tưởng về 1 dân_tộc vĩ_đại là do được thứ ánh_sáng gì đó chiếu xuyên qua tim và là đất_nước có những người ngoài hành_tinh dùng tay_không quật ngã uh1 tắt động_cơ máy_bay ẩn trong mây đút đầu_vào lỗ châu_mai chỉ có trên thiên_đường mới có những vị_thần như_thế,71,0,CLEAN,2,2,2,0.941,0.0527,0.0063,0.941
